product_code,model,horizon,period,n,mae,coverage50,coverage80,width50,width80,wis,mean_calibration_n,mae_scaled_vs_a
DSP,baseline_a,1,development,24,75.111111,0.416667,0.666667,58.972222,137.715278,62.161389,36.0,1.000000
DSP,baseline_a,1,locked,24,63.666667,0.500000,0.708333,68.656250,174.631945,45.666181,36.0,1.000000
DSP,baseline_a,1,recent,8,301.375000,0.000000,0.500000,99.260417,243.437500,258.388542,36.0,1.000000
DSP,baseline_a,3,development,24,86.750000,0.208333,0.666667,68.756944,136.944444,71.357639,35.6,1.000000
DSP,baseline_a,3,locked,22,66.500000,0.454545,0.772727,94.560606,201.007576,44.816061,36.0,1.000000
DSP,baseline_a,3,recent,6,193.777778,0.500000,0.500000,112.083333,217.166667,169.900556,36.0,1.000000
DSP,baseline_b,1,development,24,116.208333,0.375000,0.666667,72.802083,161.958333,73.596042,36.0,1.547152
DSP,baseline_b,1,locked,24,96.625000,0.416667,0.750000,94.708333,196.729167,72.323333,36.0,1.517670
DSP,baseline_b,1,recent,8,231.375000,0.500000,0.625000,130.875000,228.812500,180.540000,36.0,0.767731
DSP,baseline_b,3,development,24,116.208333,0.375000,0.625000,71.645833,162.250000,74.704583,35.6,1.339577
DSP,baseline_b,3,locked,22,85.045455,0.454545,0.727273,90.681818,193.340909,56.515455,36.0,1.278879
DSP,baseline_b,3,recent,6,108.000000,0.500000,0.666667,132.583333,233.416667,60.161667,36.0,0.557339
DSP,candidate,1,development,24,103.853197,0.416667,0.666667,111.881152,188.664748,82.904363,36.0,1.382661
DSP,candidate,1,locked,24,101.254650,0.416667,0.666667,151.221065,266.138660,70.829270,36.0,1.590387
DSP,candidate,1,recent,8,323.798295,0.125000,0.625000,181.803339,337.000571,271.190247,36.0,1.074403
DSP,candidate,3,development,24,135.161445,0.416667,0.625000,126.601143,222.082779,112.282116,35.6,1.558057
DSP,candidate,3,locked,22,94.185234,0.500000,0.863636,139.456923,301.743762,65.544075,36.0,1.416319
DSP,candidate,3,recent,6,195.835188,0.000000,0.833333,150.626526,319.414453,148.783623,36.0,1.010617
DSQ,baseline_a,1,development,24,439.402778,0.666667,0.833333,916.833333,1544.395833,324.959167,36.0,1.000000
DSQ,baseline_a,1,locked,24,264.763889,0.708333,0.833333,507.142361,1055.541667,192.155347,36.0,1.000000
DSQ,baseline_a,1,recent,8,87.291667,0.875000,1.000000,370.989584,723.145834,84.862292,36.0,1.000000
DSQ,baseline_a,3,development,24,445.333333,0.500000,0.791667,778.555556,1326.493055,316.033333,35.6,1.000000
DSQ,baseline_a,3,locked,22,287.818182,0.681818,0.772727,594.299242,1125.765151,220.395379,36.0,1.000000
DSQ,baseline_a,3,recent,6,105.722222,0.666667,1.000000,360.041667,897.277778,94.967500,36.0,1.000000
DSQ,baseline_b,1,development,24,443.625000,0.458333,0.791667,490.593750,1750.875000,343.052708,36.0,1.009609
DSQ,baseline_b,1,locked,24,267.000000,0.500000,0.916667,310.781250,1162.291667,220.928125,36.0,1.008446
DSQ,baseline_b,1,recent,8,167.375000,0.625000,0.875000,228.625000,713.687500,115.835000,36.0,1.917422
DSQ,baseline_b,3,development,24,443.625000,0.458333,0.791667,506.541667,1807.979167,340.879167,35.6,0.996164
DSQ,baseline_b,3,locked,22,288.181818,0.500000,0.909091,316.840909,1180.204545,233.205909,36.0,1.001263
DSQ,baseline_b,3,recent,6,142.333333,0.666667,0.833333,240.625000,752.250000,113.985833,36.0,1.346295
DSQ,candidate,1,development,24,386.953372,0.583333,0.833333,898.358625,1541.500638,276.802078,36.0,0.880635
DSQ,candidate,1,locked,24,245.517139,0.583333,0.916667,535.465429,1106.713933,191.986413,36.0,0.927306
DSQ,candidate,1,recent,8,115.834555,0.750000,0.875000,355.878913,644.677583,92.172829,36.0,1.326983
DSQ,candidate,3,development,24,384.077591,0.541667,0.791667,828.909396,1470.530798,287.946113,35.6,0.862450
DSQ,candidate,3,locked,22,269.104961,0.727273,0.909091,528.101071,1153.449798,195.584637,36.0,0.934982
DSQ,candidate,3,recent,6,83.419674,0.833333,1.000000,353.051824,780.643282,85.663723,36.0,0.789046
LWS,baseline_a,1,development,24,532.750000,0.666667,0.708333,881.045139,1416.666667,455.169792,36.0,1.000000
LWS,baseline_a,1,locked,24,143.180556,0.708333,0.958333,385.111111,1034.125000,134.542778,36.0,1.000000
LWS,baseline_a,1,recent,8,171.750000,0.375000,0.750000,237.833333,506.604167,124.080833,36.0,1.000000
LWS,baseline_a,3,development,24,524.208333,0.708333,0.750000,955.875000,1357.737500,442.914778,35.6,1.000000
LWS,baseline_a,3,locked,22,162.030303,0.772727,0.909091,453.765151,1096.287879,151.146212,36.0,1.000000
LWS,baseline_a,3,recent,6,110.777778,0.666667,1.000000,321.000000,543.416667,88.214444,36.0,1.000000
LWS,baseline_b,1,development,24,650.791667,0.416667,0.583333,497.739583,1056.687500,470.683125,36.0,1.221570
LWS,baseline_b,1,locked,24,325.583333,0.500000,0.958333,530.958333,1194.041667,314.195000,36.0,2.273935
LWS,baseline_b,1,recent,8,275.750000,0.375000,0.750000,413.343750,771.187500,188.831875,36.0,1.605531
LWS,baseline_b,3,development,24,650.791667,0.375000,0.583333,501.968750,1041.854167,471.607708,35.6,1.241475
LWS,baseline_b,3,locked,22,337.136364,0.363636,0.954545,538.022727,1208.977273,334.338636,36.0,2.080699
LWS,baseline_b,3,recent,6,249.166667,0.500000,0.666667,423.625000,785.333333,194.192500,36.0,2.249248
LWS,candidate,1,development,24,647.385833,0.291667,0.625000,460.401475,1062.970837,491.317677,36.0,1.215178
LWS,candidate,1,locked,24,333.799178,0.583333,0.916667,516.850371,1252.393362,323.857198,36.0,2.331316
LWS,candidate,1,recent,8,247.936829,0.375000,0.750000,332.606774,609.490326,169.136911,36.0,1.443591
LWS,candidate,3,development,24,637.468981,0.333333,0.625000,470.993104,1034.283099,476.813983,35.6,1.216060
LWS,candidate,3,locked,22,365.722379,0.545455,0.909091,560.238797,1189.609148,351.331289,36.0,2.257123
LWS,candidate,3,recent,6,218.029169,0.500000,0.666667,387.758396,654.790701,163.552666,36.0,1.968167
NIK,baseline_a,1,development,24,153.444444,0.375000,0.583333,114.847222,310.993056,126.039722,36.0,1.000000
NIK,baseline_a,1,locked,24,54.069444,0.666667,1.000000,117.246528,318.722222,41.405486,36.0,1.000000
NIK,baseline_a,1,recent,8,45.583333,0.500000,1.000000,103.031250,221.562500,32.486458,36.0,1.000000
NIK,baseline_a,3,development,24,183.611111,0.375000,0.541667,171.770833,339.977778,144.695917,35.6,1.000000
NIK,baseline_a,3,locked,22,57.984848,0.681818,1.000000,188.700758,411.075758,51.255530,36.0,1.000000
NIK,baseline_a,3,recent,6,35.111111,0.666667,1.000000,103.527778,260.833333,31.230556,36.0,1.000000
NIK,baseline_b,1,development,24,155.875000,0.500000,0.875000,206.270833,415.916667,113.947083,36.0,1.015840
NIK,baseline_b,1,locked,24,105.625000,0.583333,0.833333,186.302083,320.541667,84.431042,36.0,1.953506
NIK,baseline_b,1,recent,8,57.000000,0.750000,0.875000,184.406250,276.875000,50.953125,36.0,1.250457
NIK,baseline_b,3,development,24,155.875000,0.500000,0.875000,203.895833,426.412500,114.379417,35.6,0.848941
NIK,baseline_b,3,locked,22,102.090909,0.590909,0.818182,186.784091,323.954545,87.136591,36.0,1.760648
NIK,baseline_b,3,recent,6,58.500000,0.833333,0.833333,188.250000,277.916667,54.558333,36.0,1.666139
NIK,candidate,1,development,24,159.578558,0.750000,0.833333,321.816999,569.116766,130.851309,36.0,1.039976
NIK,candidate,1,locked,24,123.028747,0.458333,0.750000,196.045775,405.165922,87.252281,36.0,2.275384
NIK,candidate,1,recent,8,88.743255,0.500000,0.875000,154.830441,383.806932,61.752156,36.0,1.946836
NIK,candidate,3,development,24,218.768087,0.458333,0.875000,360.030958,837.481274,171.777486,35.6,1.191475
NIK,candidate,3,locked,22,166.075092,0.409091,0.909091,264.167998,577.993179,128.396661,36.0,2.864112
NIK,candidate,3,recent,6,92.863727,0.666667,1.000000,251.659904,475.399801,71.050675,36.0,2.644853
NPT,baseline_a,1,development,24,83.652778,0.541667,0.750000,111.951389,253.777778,63.417083,36.0,1.000000
NPT,baseline_a,1,locked,24,147.722222,0.291667,0.666667,173.906250,349.736111,103.842569,36.0,1.000000
NPT,baseline_a,1,recent,8,104.625000,0.625000,0.875000,257.677083,385.541667,71.818542,36.0,1.000000
NPT,baseline_a,3,development,24,92.555556,0.375000,0.708333,91.434028,257.993056,66.925069,35.6,1.000000
NPT,baseline_a,3,locked,22,168.242424,0.454545,0.500000,198.098485,354.848485,119.226515,36.0,1.000000
NPT,baseline_a,3,recent,6,110.277778,0.500000,0.833333,218.000000,415.916667,86.864444,36.0,1.000000
NPT,baseline_b,1,development,24,141.458333,0.458333,0.666667,154.468750,286.854167,87.846042,36.0,1.691018
NPT,baseline_b,1,locked,24,211.625000,0.250000,0.666667,187.979167,323.479167,109.966250,36.0,1.432587
NPT,baseline_b,1,recent,8,112.500000,0.250000,0.500000,143.531250,287.625000,140.120625,36.0,1.075269
NPT,baseline_b,3,development,24,141.458333,0.416667,0.666667,145.854167,282.779167,90.066583,35.6,1.528361
NPT,baseline_b,3,locked,22,198.727273,0.227273,0.727273,192.295455,324.568182,101.075909,36.0,1.181196
NPT,baseline_b,3,recent,6,121.500000,0.166667,0.166667,138.625000,277.750000,167.572500,36.0,1.101763
NPT,candidate,1,development,24,63.270943,0.458333,0.833333,95.091658,203.328126,42.444583,36.0,0.756352
NPT,candidate,1,locked,24,97.762701,0.250000,0.583333,113.956484,205.359852,69.019815,36.0,0.661801
NPT,candidate,1,recent,8,67.798719,0.750000,0.875000,159.155094,234.670154,52.898752,36.0,0.648016
NPT,candidate,3,development,24,80.045462,0.333333,0.666667,100.091969,163.291170,49.656177,35.6,0.864837
NPT,candidate,3,locked,22,88.645389,0.409091,0.590909,135.913341,211.230269,63.848256,36.0,0.526891
NPT,candidate,3,recent,6,81.279042,0.500000,0.833333,156.837806,258.914589,63.878547,36.0,0.737039
OZD,baseline_a,1,development,24,91.486111,0.166667,0.333333,17.565972,34.604167,85.196320,36.0,1.000000
OZD,baseline_a,1,locked,24,561.902778,0.166667,0.416667,141.368055,827.277778,508.902917,36.0,1.000000
OZD,baseline_a,1,recent,8,532.916667,0.375000,0.625000,546.406250,1651.312500,372.476458,36.0,1.000000
OZD,baseline_a,3,development,24,105.333333,0.166667,0.333333,18.090278,36.826389,95.967083,35.6,1.000000
OZD,baseline_a,3,locked,22,773.409091,0.136364,0.363636,185.761364,985.803030,718.464318,36.0,1.000000
OZD,baseline_a,3,recent,6,415.055556,0.500000,1.000000,735.611111,1817.583333,320.892222,36.0,1.000000
OZD,baseline_b,1,development,24,144.000000,0.250000,0.333333,21.666667,56.291667,127.055833,36.0,1.574009
OZD,baseline_b,1,locked,24,1058.750000,0.250000,0.333333,482.593750,1270.729167,918.588542,36.0,1.884223
OZD,baseline_b,1,recent,8,638.875000,0.375000,0.875000,859.187500,2248.000000,384.626250,36.0,1.198827
OZD,baseline_b,3,development,24,144.000000,0.208333,0.333333,19.583333,42.233333,132.485167,35.6,1.367089
OZD,baseline_b,3,locked,22,1093.909091,0.227273,0.318182,469.806818,1194.590909,985.118864,36.0,1.414399
OZD,baseline_b,3,recent,6,410.166667,0.500000,1.000000,820.416667,2292.166667,285.795000,36.0,0.988221
OZD,candidate,1,development,24,100.485101,0.208333,0.500000,20.825413,38.274443,94.201811,36.0,1.098365
OZD,candidate,1,locked,24,597.481166,0.125000,0.500000,134.804998,700.782935,534.542627,36.0,1.063318
OZD,candidate,1,recent,8,523.145216,0.250000,0.750000,580.845954,1467.964552,347.659117,36.0,0.981664
OZD,candidate,3,development,24,100.666946,0.333333,0.500000,27.426519,51.419931,93.822550,35.6,0.955699
OZD,candidate,3,locked,22,863.490464,0.000000,0.409091,181.332993,1032.550583,808.552714,36.0,1.116473
OZD,candidate,3,recent,6,441.126309,0.500000,1.000000,737.331961,2044.698767,316.486343,36.0,1.062813
PYX,baseline_a,1,development,24,2.027778,0.541667,0.625000,1.107639,2.263889,1.592986,36.0,1.000000
PYX,baseline_a,1,locked,24,46.958333,0.166667,0.333333,5.704861,23.784722,44.101042,36.0,1.000000
PYX,baseline_a,1,recent,8,30.208333,0.250000,0.625000,25.177083,72.916667,21.038542,36.0,1.000000
PYX,baseline_a,3,development,24,2.930556,0.500000,0.541667,1.159722,1.958333,2.542917,35.6,1.000000
PYX,baseline_a,3,locked,22,62.636364,0.000000,0.272727,9.856061,34.772727,59.262879,36.0,1.000000
PYX,baseline_a,3,recent,6,39.111111,0.000000,0.500000,24.458333,91.194444,28.960278,36.0,1.000000
PYX,baseline_b,1,development,24,3.958333,0.458333,0.541667,1.239583,2.354167,3.247292,36.0,1.952054
PYX,baseline_b,1,locked,24,62.166667,0.125000,0.291667,21.447917,41.833333,56.355625,36.0,1.323869
PYX,baseline_b,1,recent,8,32.875000,0.375000,0.625000,36.656250,89.562500,21.648125,36.0,1.088276
PYX,baseline_b,3,development,24,3.958333,0.416667,0.541667,1.218750,1.937500,3.411875,35.6,1.350711
PYX,baseline_b,3,locked,22,64.772727,0.136364,0.181818,20.613636,39.250000,60.676818,36.0,1.034107
PYX,baseline_b,3,recent,6,22.333333,0.500000,0.833333,34.625000,88.833333,17.665833,36.0,0.571023
PYX,candidate,1,development,24,2.122755,0.250000,0.625000,1.167894,2.212973,1.650879,36.0,1.046838
PYX,candidate,1,locked,24,46.797005,0.125000,0.375000,5.728723,30.814791,43.799201,36.0,0.996564
PYX,candidate,1,recent,8,24.459590,0.375000,0.750000,27.031820,82.223657,18.930774,36.0,0.809697
PYX,candidate,3,development,24,2.757936,0.333333,0.500000,1.082505,1.965230,2.325713,35.6,0.941097
PYX,candidate,3,locked,22,73.795119,0.090909,0.272727,10.967364,34.497297,70.135298,36.0,1.178151
PYX,candidate,3,recent,6,28.929517,0.333333,0.833333,36.157854,101.726322,20.676840,36.0,0.739675
