product_code,event_month,reports_with_event_month,within_3,within_6,within_12,negative_lag
DSQ,2016-01,787,428,452,499,0
DSQ,2016-02,754,466,521,549,0
DSQ,2016-03,808,522,561,592,0
DSQ,2016-04,694,434,477,512,0
DSQ,2016-05,687,448,492,527,0
DSQ,2016-06,695,446,482,511,0
DSQ,2016-07,677,426,463,491,0
DSQ,2016-08,701,431,465,546,2
DSQ,2016-09,673,448,490,574,0
DSQ,2016-10,651,426,463,521,1
DSQ,2016-11,616,429,460,523,0
DSQ,2016-12,621,425,458,511,0
DSQ,2017-01,935,496,550,598,0
DSQ,2017-02,664,451,499,541,0
DSQ,2017-03,735,533,553,584,0
DSQ,2017-04,740,461,482,499,0
DSQ,2017-05,871,520,552,591,0
DSQ,2017-06,816,475,508,527,0
DSQ,2017-07,803,457,500,527,0
DSQ,2017-08,785,466,519,588,1
DSQ,2017-09,875,546,591,659,3
DSQ,2017-10,982,585,630,732,3
DSQ,2017-11,884,566,594,707,1
DSQ,2017-12,942,568,597,741,2
DSQ,2018-01,1704,698,755,932,0
DSQ,2018-02,1068,652,733,858,0
DSQ,2018-03,1281,736,881,1054,0
DSQ,2018-04,1235,799,916,1002,0
DSQ,2018-05,1240,840,919,979,0
DSQ,2018-06,1133,762,844,914,0
DSQ,2018-07,1121,768,829,887,0
DSQ,2018-08,1047,685,750,884,0
DSQ,2018-09,845,571,626,725,1
DSQ,2018-10,982,644,698,808,0
DSQ,2018-11,938,642,706,825,0
DSQ,2018-12,839,621,648,737,0
DSQ,2019-01,2538,695,747,853,0
DSQ,2019-02,814,604,650,716,0
DSQ,2019-03,881,654,707,771,0
DSQ,2019-04,861,627,669,742,2
DSQ,2019-05,917,697,755,805,0
DSQ,2019-06,887,667,729,780,0
DSQ,2019-07,863,661,712,754,0
DSQ,2019-08,867,667,725,764,0
DSQ,2019-09,823,633,680,721,0
DSQ,2019-10,858,595,672,724,0
DSQ,2019-11,877,623,701,740,0
DSQ,2019-12,926,651,720,767,0
DSQ,2020-01,4127,736,1087,1583,0
DSQ,2020-02,943,694,740,777,0
DSQ,2020-03,852,631,668,706,0
DSQ,2020-04,768,553,609,643,0
DSQ,2020-05,856,646,682,706,0
DSQ,2020-06,929,662,715,747,0
DSQ,2020-07,956,699,738,783,0
DSQ,2020-08,889,648,715,769,0
DSQ,2020-09,1020,784,845,886,0
DSQ,2020-10,1019,769,815,864,0
DSQ,2020-11,919,706,754,800,1
DSQ,2020-12,947,741,777,819,0
DSQ,2021-01,4488,848,1281,2199,0
DSQ,2021-02,957,758,814,864,0
DSQ,2021-03,1121,905,951,1007,0
DSQ,2021-04,1055,848,896,962,1
DSQ,2021-05,1034,845,897,942,0
DSQ,2021-06,994,819,875,909,0
DSQ,2021-07,915,753,804,848,0
DSQ,2021-08,960,778,831,890,0
DSQ,2021-09,907,735,776,815,0
DSQ,2021-10,919,780,826,852,0
DSQ,2021-11,868,710,759,786,1
DSQ,2021-12,844,686,737,772,1
DSQ,2022-01,2776,728,963,1422,0
DSQ,2022-02,846,696,739,772,0
DSQ,2022-03,888,739,781,814,0
DSQ,2022-04,847,697,749,776,0
DSQ,2022-05,838,717,755,774,0
DSQ,2022-06,798,663,694,739,1
DSQ,2022-07,797,669,705,744,0
DSQ,2022-08,830,662,705,761,0
DSQ,2022-09,749,611,644,703,0
DSQ,2022-10,826,665,707,765,1
DSQ,2022-11,747,603,640,703,1
DSQ,2022-12,828,638,683,751,0
DSQ,2023-01,2209,656,896,1293,0
DSQ,2023-02,659,508,563,612,0
DSQ,2023-03,736,620,661,683,1
DSQ,2023-04,698,572,617,665,0
DSQ,2023-05,795,669,713,757,0
DSQ,2023-06,797,667,718,757,0
DSQ,2023-07,763,620,666,712,0
DSQ,2023-08,750,621,672,716,1
DSQ,2023-09,686,562,609,646,0
DSQ,2023-10,685,580,625,654,3
DSQ,2023-11,681,581,624,653,0
DSQ,2023-12,706,577,618,659,0
DSQ,2024-01,1816,840,1007,1310,1
DSQ,2024-02,775,651,692,747,0
DSQ,2024-03,1009,861,927,974,0
DSQ,2024-04,1005,872,926,974,0
DSQ,2024-05,765,672,718,744,0
DSQ,2024-06,772,678,713,753,0
DSQ,2024-07,800,689,721,783,0
DSQ,2024-08,752,662,703,736,0
DSQ,2024-09,732,636,678,716,0
DSQ,2024-10,754,638,677,725,0
DSQ,2024-11,719,609,651,698,0
DSQ,2024-12,722,622,658,706,0
DSQ,2025-01,1287,586,735,928,1
DSQ,2025-02,611,534,564,593,0
DSQ,2025-03,724,639,679,713,0
DSQ,2025-04,761,664,697,724,0
DSQ,2025-05,739,680,710,726,0
DSQ,2025-06,740,684,711,738,0
DSQ,2025-07,699,657,680,696,1
DSQ,2025-08,614,560,587,612,2
DSQ,2025-09,714,672,706,714,0
DSQ,2025-10,678,619,653,677,1
DSQ,2025-11,596,554,581,595,1
DSQ,2025-12,638,603,627,638,0
DSQ,2026-01,734,617,724,734,0
DSQ,2026-02,568,534,568,568,0
DSQ,2026-03,623,603,623,623,0
DSQ,2026-04,560,545,560,560,0
DSQ,2026-05,577,577,577,577,0
DSQ,2026-06,610,610,610,610,0
DSQ,2026-07,547,547,547,547,0
DSQ,2026-08,170,170,170,170,0
OZD,2016-01,3,0,0,0,0
OZD,2016-02,2,1,1,1,0
OZD,2016-05,1,0,0,1,0
OZD,2016-07,1,0,0,0,0
OZD,2016-08,6,6,6,6,0
OZD,2016-09,4,2,4,4,0
OZD,2016-10,5,2,2,4,0
OZD,2016-11,6,6,6,6,0
OZD,2016-12,8,6,6,6,0
OZD,2017-01,6,6,6,6,0
OZD,2017-02,7,5,5,6,0
OZD,2017-03,6,6,6,6,0
OZD,2017-04,10,9,9,9,0
OZD,2017-05,11,11,11,11,0
OZD,2017-06,9,6,7,7,0
OZD,2017-07,5,5,5,5,0
OZD,2017-08,10,9,9,10,0
OZD,2017-09,12,11,11,11,0
OZD,2017-10,17,17,17,17,0
OZD,2017-11,9,9,9,9,0
OZD,2017-12,13,10,10,11,0
OZD,2018-01,6,5,5,5,0
OZD,2018-02,11,9,9,9,0
OZD,2018-03,17,9,10,10,0
OZD,2018-04,12,9,11,12,0
OZD,2018-05,14,13,13,13,0
OZD,2018-06,15,14,14,15,0
OZD,2018-07,13,10,12,12,0
OZD,2018-08,19,16,17,17,1
OZD,2018-09,23,18,20,21,0
OZD,2018-10,18,14,15,15,0
OZD,2018-11,15,10,14,14,0
OZD,2018-12,25,21,24,24,0
OZD,2019-01,19,16,18,18,0
OZD,2019-02,21,17,19,19,0
OZD,2019-03,11,11,11,11,0
OZD,2019-04,31,26,27,28,0
OZD,2019-05,24,19,21,22,0
OZD,2019-06,30,28,29,30,0
OZD,2019-07,19,17,17,19,0
OZD,2019-08,25,19,19,23,0
OZD,2019-09,33,23,27,31,1
OZD,2019-10,35,31,32,34,0
OZD,2019-11,53,37,52,53,0
OZD,2019-12,35,28,34,34,0
OZD,2020-01,48,37,45,45,0
OZD,2020-02,26,17,17,19,0
OZD,2020-03,24,17,17,20,0
OZD,2020-04,18,15,15,18,0
OZD,2020-05,30,22,22,29,0
OZD,2020-06,38,26,26,34,0
OZD,2020-07,38,23,23,31,0
OZD,2020-08,36,23,27,29,0
OZD,2020-09,27,18,23,25,0
OZD,2020-10,38,23,30,33,0
OZD,2020-11,31,25,29,30,0
OZD,2020-12,52,43,43,48,0
OZD,2021-01,56,42,49,51,0
OZD,2021-02,70,43,51,59,0
OZD,2021-03,57,39,41,44,0
OZD,2021-04,550,30,34,39,0
OZD,2021-05,506,23,24,28,0
OZD,2021-06,449,34,38,41,0
OZD,2021-07,555,30,33,35,0
OZD,2021-08,631,33,34,36,0
OZD,2021-09,526,41,43,44,0
OZD,2021-10,575,45,49,54,0
OZD,2021-11,474,40,44,46,0
OZD,2021-12,516,40,45,52,0
OZD,2022-01,604,45,49,52,0
OZD,2022-02,561,34,34,37,0
OZD,2022-03,645,41,45,46,0
OZD,2022-04,544,36,37,40,0
OZD,2022-05,647,28,32,33,0
OZD,2022-06,585,24,26,31,0
OZD,2022-07,484,30,34,36,0
OZD,2022-08,622,40,49,54,0
OZD,2022-09,621,37,38,58,0
OZD,2022-10,525,42,45,102,0
OZD,2022-11,542,43,45,88,0
OZD,2022-12,499,73,77,122,0
OZD,2023-01,361,101,109,155,0
OZD,2023-02,388,88,109,173,0
OZD,2023-03,424,101,144,215,0
OZD,2023-04,382,140,195,220,0
OZD,2023-05,389,104,147,177,0
OZD,2023-06,386,111,150,204,0
OZD,2023-07,418,298,311,338,0
OZD,2023-08,459,379,410,431,0
OZD,2023-09,419,341,370,388,0
OZD,2023-10,507,419,453,468,0
OZD,2023-11,491,441,460,471,0
OZD,2023-12,506,466,480,488,0
OZD,2024-01,572,518,531,544,0
OZD,2024-02,524,470,486,493,0
OZD,2024-03,616,550,569,581,0
OZD,2024-04,596,544,562,568,0
OZD,2024-05,655,610,622,628,0
OZD,2024-06,611,567,579,587,0
OZD,2024-07,633,582,592,595,0
OZD,2024-08,681,615,627,633,0
OZD,2024-09,730,642,648,677,2
OZD,2024-10,773,673,686,717,2
OZD,2024-11,654,541,556,585,0
OZD,2024-12,677,596,602,632,0
OZD,2025-01,814,666,677,720,0
OZD,2025-02,738,620,636,676,1
OZD,2025-03,769,653,686,705,0
OZD,2025-04,937,815,855,865,1
OZD,2025-05,996,874,913,926,0
OZD,2025-06,893,798,820,881,1
OZD,2025-07,985,911,924,985,0
OZD,2025-08,1060,944,974,1060,0
OZD,2025-09,1139,909,1070,1138,1
OZD,2025-10,1216,826,1179,1216,0
OZD,2025-11,1132,895,1107,1132,0
OZD,2025-12,1170,1136,1163,1169,1
OZD,2026-01,1225,1185,1219,1225,0
OZD,2026-02,1221,1193,1218,1218,3
OZD,2026-03,1107,1097,1104,1104,3
OZD,2026-04,956,953,956,956,0
OZD,2026-05,847,847,847,847,0
OZD,2026-06,768,768,768,768,0
OZD,2026-07,923,921,921,921,2
OZD,2026-08,620,619,619,619,1
PYX,2016-05,1,0,0,0,0
PYX,2016-06,2,0,0,0,0
PYX,2016-12,1,0,0,0,0
PYX,2017-03,1,0,0,0,0
PYX,2017-10,2,2,2,2,0
PYX,2017-12,1,1,1,1,0
PYX,2018-01,1,1,1,1,0
PYX,2018-03,1,1,1,1,0
PYX,2018-04,1,1,1,1,0
PYX,2018-06,2,1,1,1,0
PYX,2018-07,3,1,1,1,0
PYX,2018-09,2,0,0,0,0
PYX,2018-10,2,2,2,2,0
PYX,2018-11,1,1,1,1,0
PYX,2018-12,1,1,1,1,0
PYX,2019-01,3,2,2,2,0
PYX,2019-02,2,1,1,1,0
PYX,2019-03,1,0,0,0,0
PYX,2019-06,2,2,2,2,0
PYX,2019-08,3,2,2,2,0
PYX,2019-09,3,2,2,2,0
PYX,2019-12,1,0,0,0,1
PYX,2020-01,3,3,3,3,0
PYX,2020-02,2,1,1,1,0
PYX,2020-03,4,1,1,1,0
PYX,2020-09,1,1,1,1,0
PYX,2020-10,2,1,1,1,0
PYX,2020-11,1,0,0,0,0
PYX,2020-12,4,2,2,2,0
PYX,2021-02,2,0,0,0,0
PYX,2021-03,1,1,1,1,0
PYX,2021-04,29,2,2,2,0
PYX,2021-05,23,1,1,1,0
PYX,2021-06,17,1,1,1,0
PYX,2021-07,21,0,0,0,0
PYX,2021-08,21,0,0,0,0
PYX,2021-09,29,0,0,0,0
PYX,2021-10,16,1,1,1,0
PYX,2021-11,14,0,0,0,0
PYX,2021-12,28,0,0,0,0
PYX,2022-01,36,1,1,1,0
PYX,2022-02,28,1,1,1,0
PYX,2022-03,24,0,0,0,0
PYX,2022-04,19,0,0,0,0
PYX,2022-05,24,1,1,1,0
PYX,2022-06,19,0,0,0,0
PYX,2022-07,23,0,0,0,0
PYX,2022-08,14,1,1,1,0
PYX,2022-09,22,2,2,3,0
PYX,2022-10,20,2,2,2,0
PYX,2022-11,23,1,1,1,0
PYX,2022-12,21,0,0,0,0
PYX,2023-01,17,1,2,2,0
PYX,2023-02,21,3,3,4,0
PYX,2023-03,22,1,3,6,0
PYX,2023-04,18,1,1,1,0
PYX,2023-05,13,4,4,5,0
PYX,2023-06,16,3,3,6,0
PYX,2023-07,21,8,9,13,0
PYX,2023-08,17,14,16,16,0
PYX,2023-09,20,14,15,17,0
PYX,2023-10,17,15,16,16,0
PYX,2023-11,16,12,14,14,0
PYX,2023-12,29,23,25,27,0
PYX,2024-01,27,25,25,25,0
PYX,2024-02,27,26,27,27,0
PYX,2024-03,44,40,42,42,0
PYX,2024-04,41,39,40,40,0
PYX,2024-05,37,31,32,32,0
PYX,2024-06,38,30,31,31,0
PYX,2024-07,53,45,45,45,0
PYX,2024-08,48,41,42,42,0
PYX,2024-09,59,54,54,57,0
PYX,2024-10,52,43,43,51,0
PYX,2024-11,38,32,32,38,0
PYX,2024-12,42,35,35,41,0
PYX,2025-01,46,40,41,46,0
PYX,2025-02,32,30,30,32,0
PYX,2025-03,40,30,38,40,0
PYX,2025-04,37,33,37,37,0
PYX,2025-05,57,46,57,57,0
PYX,2025-06,49,46,49,49,0
PYX,2025-07,43,43,43,43,0
PYX,2025-08,44,43,44,44,0
PYX,2025-09,70,58,70,70,0
PYX,2025-10,58,36,58,58,0
PYX,2025-11,66,38,66,66,0
PYX,2025-12,55,55,55,55,0
PYX,2026-01,59,59,59,59,0
PYX,2026-02,55,55,55,55,0
PYX,2026-03,51,51,51,51,0
PYX,2026-04,46,46,46,46,0
PYX,2026-05,32,32,32,32,0
PYX,2026-06,30,30,30,30,0
PYX,2026-07,36,36,36,36,0
PYX,2026-08,23,23,23,23,0
NPT,2016-01,362,216,225,237,0
NPT,2016-02,291,224,227,240,0
NPT,2016-03,374,295,300,312,0
NPT,2016-04,335,240,245,274,0
NPT,2016-05,303,185,199,216,0
NPT,2016-06,318,229,237,262,0
NPT,2016-07,232,174,183,204,0
NPT,2016-08,274,177,205,221,0
NPT,2016-09,260,206,216,231,0
NPT,2016-10,275,191,203,219,0
NPT,2016-11,301,223,246,260,0
NPT,2016-12,219,140,159,174,0
NPT,2017-01,260,145,165,184,0
NPT,2017-02,271,176,194,210,0
NPT,2017-03,305,205,229,245,0
NPT,2017-04,237,159,173,190,0
NPT,2017-05,285,205,219,241,0
NPT,2017-06,253,186,193,207,0
NPT,2017-07,253,171,192,204,0
NPT,2017-08,250,193,209,225,0
NPT,2017-09,258,157,185,203,0
NPT,2017-10,316,226,250,268,1
NPT,2017-11,307,211,241,267,0
NPT,2017-12,281,194,222,241,0
NPT,2018-01,344,179,204,225,0
NPT,2018-02,354,251,293,308,0
NPT,2018-03,324,239,252,275,0
NPT,2018-04,340,253,264,292,0
NPT,2018-05,335,250,272,299,0
NPT,2018-06,339,249,275,295,0
NPT,2018-07,331,242,265,283,1
NPT,2018-08,300,221,239,257,0
NPT,2018-09,284,207,217,233,0
NPT,2018-10,367,275,300,307,0
NPT,2018-11,383,262,298,319,0
NPT,2018-12,313,232,256,266,2
NPT,2019-01,352,231,255,276,0
NPT,2019-02,330,241,259,273,0
NPT,2019-03,350,238,251,285,0
NPT,2019-04,384,281,297,342,0
NPT,2019-05,403,294,316,353,1
NPT,2019-06,382,276,294,341,1
NPT,2019-07,437,287,313,394,0
NPT,2019-08,402,295,323,359,0
NPT,2019-09,368,262,281,313,0
NPT,2019-10,451,327,372,393,0
NPT,2019-11,467,326,384,406,0
NPT,2019-12,410,316,354,370,0
NPT,2020-01,452,325,354,377,1
NPT,2020-02,535,443,473,493,0
NPT,2020-03,475,382,408,433,0
NPT,2020-04,308,220,241,284,1
NPT,2020-05,451,355,387,419,0
NPT,2020-06,484,405,420,446,0
NPT,2020-07,459,346,371,418,0
NPT,2020-08,469,381,405,439,0
NPT,2020-09,472,363,390,430,0
NPT,2020-10,574,455,501,525,1
NPT,2020-11,554,471,500,524,0
NPT,2020-12,405,312,343,355,0
NPT,2021-01,442,251,356,373,0
NPT,2021-02,530,424,447,470,0
NPT,2021-03,484,358,381,414,0
NPT,2021-04,530,406,434,477,0
NPT,2021-05,515,382,404,435,0
NPT,2021-06,440,332,351,381,0
NPT,2021-07,482,375,398,426,1
NPT,2021-08,487,389,410,435,0
NPT,2021-09,397,280,303,329,2
NPT,2021-10,434,341,370,387,0
NPT,2021-11,538,391,430,459,0
NPT,2021-12,445,315,344,372,1
NPT,2022-01,487,323,338,384,1
NPT,2022-02,442,279,305,349,0
NPT,2022-03,638,457,477,543,0
NPT,2022-04,494,318,348,407,1
NPT,2022-05,649,429,471,540,0
NPT,2022-06,514,323,377,426,0
NPT,2022-07,584,398,450,495,0
NPT,2022-08,605,432,472,506,1
NPT,2022-09,491,325,374,402,0
NPT,2022-10,567,407,444,467,0
NPT,2022-11,643,487,535,555,0
NPT,2022-12,518,346,386,406,0
NPT,2023-01,748,580,606,645,0
NPT,2023-02,606,452,485,519,0
NPT,2023-03,673,495,536,582,0
NPT,2023-04,620,455,488,558,0
NPT,2023-05,757,597,643,694,3
NPT,2023-06,691,483,552,606,5
NPT,2023-07,704,544,604,644,1
NPT,2023-08,748,602,657,688,1
NPT,2023-09,641,514,575,600,3
NPT,2023-10,724,579,648,673,0
NPT,2023-11,798,660,720,754,2
NPT,2023-12,615,501,554,578,1
NPT,2024-01,806,668,720,753,4
NPT,2024-02,810,674,714,762,2
NPT,2024-03,755,616,656,718,0
NPT,2024-04,811,684,730,796,2
NPT,2024-05,867,735,790,853,0
NPT,2024-06,652,523,565,632,2
NPT,2024-07,924,790,842,906,0
NPT,2024-08,763,637,690,744,0
NPT,2024-09,761,647,710,739,1
NPT,2024-10,958,837,916,945,2
NPT,2024-11,862,761,823,847,0
NPT,2024-12,749,667,717,734,1
NPT,2025-01,915,793,848,896,1
NPT,2025-02,943,846,888,926,1
NPT,2025-03,841,744,788,830,1
NPT,2025-04,983,867,920,972,0
NPT,2025-05,1004,845,937,998,0
NPT,2025-06,831,740,793,827,1
NPT,2025-07,1108,996,1067,1105,0
NPT,2025-08,838,764,805,838,0
NPT,2025-09,901,817,880,901,0
NPT,2025-10,1059,953,1037,1058,1
NPT,2025-11,949,870,935,948,1
NPT,2025-12,898,819,891,898,0
NPT,2026-01,953,893,944,952,1
NPT,2026-02,973,930,973,973,0
NPT,2026-03,956,922,956,956,0
NPT,2026-04,958,930,957,957,1
NPT,2026-05,885,884,884,884,1
NPT,2026-06,871,871,871,871,0
NPT,2026-07,762,761,761,761,1
NPT,2026-08,286,285,285,285,1
NIK,2016-01,626,540,565,593,0
NIK,2016-02,603,531,581,588,0
NIK,2016-03,651,568,601,626,0
NIK,2016-04,636,542,595,618,0
NIK,2016-05,565,496,526,547,0
NIK,2016-06,651,568,619,632,0
NIK,2016-07,623,561,592,608,0
NIK,2016-08,626,559,596,614,0
NIK,2016-09,592,515,549,572,0
NIK,2016-10,1531,1447,1492,1512,0
NIK,2016-11,4274,4201,4242,4260,0
NIK,2016-12,3479,3367,3429,3451,0
NIK,2017-01,2658,2546,2585,2628,1
NIK,2017-02,1852,1755,1811,1834,0
NIK,2017-03,1788,1682,1728,1765,2
NIK,2017-04,1230,1146,1199,1212,2
NIK,2017-05,931,864,898,913,1
NIK,2017-06,800,710,773,790,1
NIK,2017-07,723,666,691,708,0
NIK,2017-08,651,579,622,637,0
NIK,2017-09,758,666,714,733,1
NIK,2017-10,682,598,650,665,2
NIK,2017-11,675,620,643,654,2
NIK,2017-12,701,617,672,687,2
NIK,2018-01,773,698,729,751,1
NIK,2018-02,702,634,666,680,2
NIK,2018-03,672,619,645,658,3
NIK,2018-04,619,553,584,603,0
NIK,2018-05,635,571,600,610,3
NIK,2018-06,617,548,587,599,0
NIK,2018-07,577,515,537,553,0
NIK,2018-08,631,577,601,611,1
NIK,2018-09,559,506,528,547,0
NIK,2018-10,613,534,584,600,0
NIK,2018-11,570,510,533,545,0
NIK,2018-12,537,488,517,526,1
NIK,2019-01,659,588,615,638,0
NIK,2019-02,519,472,491,505,0
NIK,2019-03,577,510,533,551,0
NIK,2019-04,591,515,555,569,0
NIK,2019-05,554,506,519,533,0
NIK,2019-06,487,432,451,467,0
NIK,2019-07,568,492,529,540,0
NIK,2019-08,559,492,519,529,0
NIK,2019-09,575,515,543,555,0
NIK,2019-10,703,623,664,677,0
NIK,2019-11,720,672,692,705,0
NIK,2019-12,674,610,639,660,0
NIK,2020-01,805,725,752,770,1
NIK,2020-02,752,681,709,729,1
NIK,2020-03,692,627,663,678,0
NIK,2020-04,595,536,564,577,1
NIK,2020-05,632,582,601,608,0
NIK,2020-06,766,694,735,747,0
NIK,2020-07,803,729,764,778,0
NIK,2020-08,766,713,731,733,0
NIK,2020-09,797,726,750,767,0
NIK,2020-10,808,730,750,767,0
NIK,2020-11,743,680,700,713,0
NIK,2020-12,861,792,826,834,0
NIK,2021-01,835,753,787,802,0
NIK,2021-02,826,756,773,782,0
NIK,2021-03,956,884,911,924,0
NIK,2021-04,847,774,798,811,0
NIK,2021-05,815,747,761,768,0
NIK,2021-06,884,813,833,843,1
NIK,2021-07,740,686,698,724,1
NIK,2021-08,830,630,642,819,0
NIK,2021-09,808,707,731,784,1
NIK,2021-10,696,622,650,684,0
NIK,2021-11,775,699,715,754,0
NIK,2021-12,766,680,706,748,1
NIK,2022-01,807,712,756,769,2
NIK,2022-02,684,623,661,669,1
NIK,2022-03,885,784,846,859,0
NIK,2022-04,792,756,766,781,0
NIK,2022-05,829,789,803,810,2
NIK,2022-06,862,805,820,840,0
NIK,2022-07,745,686,706,728,0
NIK,2022-08,790,738,751,767,1
NIK,2022-09,766,704,724,753,0
NIK,2022-10,805,743,771,791,0
NIK,2022-11,774,702,736,752,0
NIK,2022-12,763,707,728,747,0
NIK,2023-01,858,785,810,836,0
NIK,2023-02,780,739,759,773,1
NIK,2023-03,882,829,851,866,1
NIK,2023-04,781,732,753,766,0
NIK,2023-05,858,798,830,843,1
NIK,2023-06,869,825,846,852,0
NIK,2023-07,825,772,801,815,0
NIK,2023-08,862,809,833,845,0
NIK,2023-09,808,762,783,799,0
NIK,2023-10,875,833,858,865,1
NIK,2023-11,819,778,797,812,1
NIK,2023-12,802,745,771,790,1
NIK,2024-01,996,931,960,975,0
NIK,2024-02,836,795,817,826,0
NIK,2024-03,832,795,808,818,1
NIK,2024-04,908,865,884,896,0
NIK,2024-05,903,858,878,895,2
NIK,2024-06,779,744,760,770,0
NIK,2024-07,895,844,874,885,0
NIK,2024-08,772,729,754,765,0
NIK,2024-09,791,756,769,784,2
NIK,2024-10,884,843,867,877,0
NIK,2024-11,750,713,730,741,0
NIK,2024-12,776,745,759,769,0
NIK,2025-01,919,847,877,905,0
NIK,2025-02,747,717,728,738,0
NIK,2025-03,839,803,822,835,0
NIK,2025-04,847,800,826,842,0
NIK,2025-05,789,756,778,788,0
NIK,2025-06,756,707,736,756,0
NIK,2025-07,772,745,755,770,0
NIK,2025-08,762,727,751,762,0
NIK,2025-09,707,680,700,707,0
NIK,2025-10,796,773,790,796,0
NIK,2025-11,700,668,689,700,0
NIK,2025-12,785,756,778,785,0
NIK,2026-01,779,756,776,779,0
NIK,2026-02,791,772,791,791,0
NIK,2026-03,715,696,715,715,0
NIK,2026-04,798,789,798,798,0
NIK,2026-05,659,659,659,659,0
NIK,2026-06,693,693,693,693,0
NIK,2026-07,687,687,687,687,0
NIK,2026-08,219,218,218,218,1
LWS,2016-01,1292,1020,1118,1159,0
LWS,2016-02,1237,1023,1137,1168,0
LWS,2016-03,1235,1007,1100,1162,0
LWS,2016-04,1222,999,1130,1161,0
LWS,2016-05,1264,1096,1155,1202,0
LWS,2016-06,1282,1028,1169,1216,1
LWS,2016-07,1166,985,1042,1091,0
LWS,2016-08,1261,1026,1154,1197,0
LWS,2016-09,1172,986,1064,1115,0
LWS,2016-10,1635,1427,1539,1577,0
LWS,2016-11,2386,2204,2269,2316,0
LWS,2016-12,2236,1976,2126,2175,0
LWS,2017-01,2073,1825,1894,1966,0
LWS,2017-02,1658,1424,1554,1599,1
LWS,2017-03,1829,1625,1710,1771,0
LWS,2017-04,1470,1263,1371,1410,0
LWS,2017-05,1397,1217,1289,1337,1
LWS,2017-06,1419,1135,1299,1359,0
LWS,2017-07,1235,1049,1113,1175,0
LWS,2017-08,1353,1084,1217,1278,2
LWS,2017-09,1327,1094,1204,1253,2
LWS,2017-10,1389,1152,1269,1321,1
LWS,2017-11,1237,1067,1137,1179,0
LWS,2017-12,1254,1008,1166,1195,4
LWS,2018-01,1476,1247,1308,1347,3
LWS,2018-02,1290,1131,1187,1227,1
LWS,2018-03,1359,1184,1229,1278,0
LWS,2018-04,1216,1069,1125,1155,0
LWS,2018-05,1305,1111,1188,1214,0
LWS,2018-06,1268,1050,1158,1193,1
LWS,2018-07,1332,1132,1200,1249,0
LWS,2018-08,1314,1134,1184,1229,1
LWS,2018-09,1237,1059,1129,1167,1
LWS,2018-10,1352,1066,1227,1274,0
LWS,2018-11,1318,1136,1193,1239,1
LWS,2018-12,1285,1088,1162,1202,0
LWS,2019-01,1470,1130,1259,1321,0
LWS,2019-02,1166,987,1052,1086,1
LWS,2019-03,1366,1175,1229,1268,0
LWS,2019-04,1284,1036,1158,1199,1
LWS,2019-05,1461,1282,1344,1397,2
LWS,2019-06,1286,1090,1147,1197,0
LWS,2019-07,1480,1243,1351,1410,0
LWS,2019-08,1477,1249,1327,1378,1
LWS,2019-09,1445,1201,1298,1353,0
LWS,2019-10,1429,1213,1298,1355,0
LWS,2019-11,1345,1134,1222,1268,1
LWS,2019-12,1427,1170,1276,1359,1
LWS,2020-01,1496,1192,1284,1369,1
LWS,2020-02,1346,1131,1195,1262,0
LWS,2020-03,1285,1022,1151,1196,2
LWS,2020-04,1178,974,1054,1106,0
LWS,2020-05,1271,1058,1145,1195,2
LWS,2020-06,1405,1146,1264,1328,0
LWS,2020-07,1360,1128,1250,1286,0
LWS,2020-08,1445,1228,1300,1341,1
LWS,2020-09,1423,1142,1286,1352,0
LWS,2020-10,1515,1292,1365,1419,0
LWS,2020-11,1465,1266,1335,1387,0
LWS,2020-12,1564,1308,1411,1464,0
LWS,2021-01,1591,1279,1391,1439,0
LWS,2021-02,1592,1366,1449,1501,1
LWS,2021-03,1854,1578,1711,1769,1
LWS,2021-04,1715,1459,1564,1611,0
LWS,2021-05,1616,1396,1486,1538,1
LWS,2021-06,1687,1428,1528,1586,0
LWS,2021-07,1606,1383,1475,1526,0
LWS,2021-08,1583,1368,1432,1494,0
LWS,2021-09,1653,1399,1509,1577,0
LWS,2021-10,1708,1430,1551,1622,0
LWS,2021-11,1727,1472,1592,1634,0
LWS,2021-12,1702,1426,1558,1603,1
LWS,2022-01,1862,1569,1638,1709,2
LWS,2022-02,1703,1516,1572,1616,2
LWS,2022-03,1904,1681,1738,1815,2
LWS,2022-04,1859,1638,1696,1776,1
LWS,2022-05,1851,1607,1671,1726,2
LWS,2022-06,1875,1626,1692,1766,2
LWS,2022-07,1722,1487,1540,1604,3
LWS,2022-08,1854,1651,1723,1796,2
LWS,2022-09,1878,1643,1726,1788,2
LWS,2022-10,1877,1649,1703,1775,0
LWS,2022-11,1875,1623,1682,1767,0
LWS,2022-12,1900,1676,1757,1813,0
LWS,2023-01,2134,1772,1866,2001,0
LWS,2023-02,1815,1600,1666,1742,1
LWS,2023-03,2131,1861,1941,2042,1
LWS,2023-04,1911,1674,1754,1821,1
LWS,2023-05,2141,1900,2002,2073,0
LWS,2023-06,2073,1840,1926,1993,1
LWS,2023-07,2031,1840,1925,1970,2
LWS,2023-08,2154,1924,2009,2071,0
LWS,2023-09,2067,1859,1947,2011,0
LWS,2023-10,2090,1860,1939,2011,0
LWS,2023-11,2020,1821,1905,1964,3
LWS,2023-12,1949,1767,1848,1894,0
LWS,2024-01,2159,1941,2023,2078,0
LWS,2024-02,1970,1789,1870,1916,0
LWS,2024-03,2100,1867,1958,2029,0
LWS,2024-04,2026,1846,1920,1976,0
LWS,2024-05,2068,1870,1960,2020,0
LWS,2024-06,1892,1712,1804,1854,0
LWS,2024-07,1953,1775,1849,1911,1
LWS,2024-08,1943,1758,1834,1911,0
LWS,2024-09,1964,1782,1866,1925,1
LWS,2024-10,1980,1799,1862,1934,0
LWS,2024-11,1806,1655,1718,1777,1
LWS,2024-12,1820,1642,1714,1775,1
LWS,2025-01,1992,1721,1827,1938,0
LWS,2025-02,1780,1609,1686,1744,1
LWS,2025-03,1866,1701,1792,1850,0
LWS,2025-04,1833,1698,1768,1817,0
LWS,2025-05,1827,1678,1749,1811,0
LWS,2025-06,1966,1830,1894,1959,1
LWS,2025-07,2103,1953,2033,2097,0
LWS,2025-08,1812,1677,1749,1812,0
LWS,2025-09,1850,1705,1796,1850,0
LWS,2025-10,1835,1707,1784,1835,0
LWS,2025-11,1702,1575,1679,1702,0
LWS,2025-12,1816,1702,1783,1816,0
LWS,2026-01,1738,1611,1723,1738,0
LWS,2026-02,1708,1629,1707,1707,1
LWS,2026-03,1728,1664,1728,1728,0
LWS,2026-04,1722,1688,1721,1721,1
LWS,2026-05,1649,1649,1649,1649,0
LWS,2026-06,1560,1560,1560,1560,0
LWS,2026-07,1500,1500,1500,1500,0
LWS,2026-08,420,419,419,419,1
DSP,2016-01,38,34,36,36,0
DSP,2016-02,32,29,30,31,0
DSP,2016-03,27,26,27,27,0
DSP,2016-04,56,51,53,56,0
DSP,2016-05,36,35,35,35,0
DSP,2016-06,24,22,24,24,0
DSP,2016-07,37,33,33,34,0
DSP,2016-08,48,46,46,46,0
DSP,2016-09,34,32,32,33,0
DSP,2016-10,29,29,29,29,0
DSP,2016-11,30,28,28,30,0
DSP,2016-12,28,27,27,28,0
DSP,2017-01,49,45,46,49,0
DSP,2017-02,28,27,28,28,0
DSP,2017-03,40,37,40,40,0
DSP,2017-04,40,34,37,40,0
DSP,2017-05,47,43,44,47,0
DSP,2017-06,385,267,384,385,0
DSP,2017-07,342,339,342,342,0
DSP,2017-08,300,299,299,300,0
DSP,2017-09,212,212,212,212,0
DSP,2017-10,243,236,242,243,0
DSP,2017-11,266,258,263,266,0
DSP,2017-12,223,220,221,222,0
DSP,2018-01,246,237,244,244,0
DSP,2018-02,273,265,269,271,0
DSP,2018-03,291,288,291,291,0
DSP,2018-04,232,229,230,230,0
DSP,2018-05,262,258,262,262,0
DSP,2018-06,224,221,223,224,0
DSP,2018-07,235,234,235,235,0
DSP,2018-08,235,232,235,235,0
DSP,2018-09,217,214,214,215,0
DSP,2018-10,239,231,232,232,0
DSP,2018-11,255,248,252,252,0
DSP,2018-12,232,226,229,229,0
DSP,2019-01,265,253,258,260,0
DSP,2019-02,279,268,272,272,0
DSP,2019-03,253,240,247,247,0
DSP,2019-04,261,248,252,255,0
DSP,2019-05,267,259,259,262,0
DSP,2019-06,217,212,212,212,0
DSP,2019-07,291,280,285,285,0
DSP,2019-08,256,246,251,252,0
DSP,2019-09,255,252,253,254,0
DSP,2019-10,251,235,242,242,0
DSP,2019-11,256,248,250,253,0
DSP,2019-12,260,249,252,253,0
DSP,2020-01,271,255,259,259,0
DSP,2020-02,240,225,225,233,0
DSP,2020-03,276,258,265,267,0
DSP,2020-04,180,173,177,178,0
DSP,2020-05,223,213,217,217,1
DSP,2020-06,300,278,282,286,0
DSP,2020-07,309,283,286,288,0
DSP,2020-08,281,245,248,249,0
DSP,2020-09,332,289,294,297,0
DSP,2020-10,372,341,343,344,0
DSP,2020-11,298,271,271,272,0
DSP,2020-12,275,243,252,253,0
DSP,2021-01,330,299,302,303,0
DSP,2021-02,358,324,325,326,0
DSP,2021-03,384,338,339,340,0
DSP,2021-04,406,352,355,358,0
DSP,2021-05,360,326,335,338,0
DSP,2021-06,383,342,343,345,0
DSP,2021-07,433,406,406,408,0
DSP,2021-08,379,359,361,361,0
DSP,2021-09,392,366,368,370,0
DSP,2021-10,402,374,374,374,0
DSP,2021-11,374,344,345,346,0
DSP,2021-12,373,341,341,352,1
DSP,2022-01,394,361,365,394,0
DSP,2022-02,387,362,366,387,0
DSP,2022-03,443,426,429,442,0
DSP,2022-04,372,366,370,371,0
DSP,2022-05,362,357,361,362,0
DSP,2022-06,402,402,402,402,0
DSP,2022-07,401,398,399,400,0
DSP,2022-08,414,410,414,414,0
DSP,2022-09,354,348,352,353,0
DSP,2022-10,407,402,404,407,0
DSP,2022-11,422,419,421,421,0
DSP,2022-12,435,433,435,435,0
DSP,2023-01,490,476,486,490,0
DSP,2023-02,471,468,469,470,0
DSP,2023-03,573,565,567,570,1
DSP,2023-04,531,520,527,529,0
DSP,2023-05,515,509,511,511,1
DSP,2023-06,546,489,492,492,1
DSP,2023-07,561,490,495,495,0
DSP,2023-08,536,494,496,499,0
DSP,2023-09,515,441,454,455,0
DSP,2023-10,582,517,521,522,0
DSP,2023-11,613,546,550,551,1
DSP,2023-12,559,483,488,491,4
DSP,2024-01,664,584,592,595,4
DSP,2024-02,661,594,602,607,0
DSP,2024-03,666,591,607,610,0
DSP,2024-04,689,638,645,645,0
DSP,2024-05,744,681,688,691,1
DSP,2024-06,585,532,537,538,0
DSP,2024-07,702,624,630,631,0
DSP,2024-08,690,626,631,633,1
DSP,2024-09,642,577,577,582,0
DSP,2024-10,661,591,594,610,0
DSP,2024-11,560,505,506,506,0
DSP,2024-12,637,570,577,580,0
DSP,2025-01,626,578,582,625,0
DSP,2025-02,676,621,626,676,0
DSP,2025-03,618,570,576,618,0
DSP,2025-04,630,568,573,630,0
DSP,2025-05,586,528,538,586,0
DSP,2025-06,575,542,552,575,0
DSP,2025-07,627,620,625,627,0
DSP,2025-08,627,620,624,626,1
DSP,2025-09,610,604,609,610,0
DSP,2025-10,629,625,629,629,0
DSP,2025-11,549,540,546,548,1
DSP,2025-12,630,624,628,628,2
DSP,2026-01,656,651,655,655,1
DSP,2026-02,549,546,549,549,0
DSP,2026-03,775,768,775,775,0
DSP,2026-04,682,677,681,681,1
DSP,2026-05,562,562,562,562,0
DSP,2026-06,714,714,714,714,0
DSP,2026-07,637,635,635,635,2
DSP,2026-08,176,176,176,176,0
