product_code,month,raw_reports,series_reports,variance_raw_vs_series,excluded_reports,eligible_reports
DSQ,2016-01,684,684,0,0,684
DSQ,2016-02,634,634,0,0,634
DSQ,2016-03,807,807,0,0,807
DSQ,2016-04,621,621,0,0,621
DSQ,2016-05,392,392,0,0,392
DSQ,2016-06,633,633,0,0,633
DSQ,2016-07,547,547,0,0,547
DSQ,2016-08,587,587,0,0,587
DSQ,2016-09,541,541,0,0,541
DSQ,2016-10,622,622,0,0,622
DSQ,2016-11,636,636,0,0,636
DSQ,2016-12,486,486,0,0,486
DSQ,2017-01,532,532,0,0,532
DSQ,2017-02,529,529,0,0,529
DSQ,2017-03,641,641,0,0,641
DSQ,2017-04,592,592,0,0,592
DSQ,2017-05,647,647,0,0,647
DSQ,2017-06,644,644,0,0,644
DSQ,2017-07,638,638,0,0,638
DSQ,2017-08,849,849,0,0,849
DSQ,2017-09,722,722,0,0,722
DSQ,2017-10,779,779,0,0,779
DSQ,2017-11,949,949,0,0,949
DSQ,2017-12,1533,1533,0,0,1533
DSQ,2018-01,873,873,0,0,873
DSQ,2018-02,807,807,0,0,807
DSQ,2018-03,813,813,0,0,813
DSQ,2018-04,833,833,0,0,833
DSQ,2018-05,869,869,0,0,869
DSQ,2018-06,977,977,0,0,977
DSQ,2018-07,1018,1018,0,0,1018
DSQ,2018-08,1441,1441,0,0,1441
DSQ,2018-09,840,840,0,0,840
DSQ,2018-10,1117,1117,0,0,1117
DSQ,2018-11,2060,2060,0,0,2060
DSQ,2018-12,1012,1012,0,0,1012
DSQ,2019-01,1023,1023,0,0,1023
DSQ,2019-02,4677,4677,0,0,4677
DSQ,2019-03,851,851,0,0,851
DSQ,2019-04,2071,2071,0,0,2071
DSQ,2019-05,871,871,0,0,871
DSQ,2019-06,817,817,0,0,817
DSQ,2019-07,1821,1821,0,0,1821
DSQ,2019-08,2403,2403,0,0,2403
DSQ,2019-09,1622,1622,0,0,1622
DSQ,2019-10,870,870,0,0,870
DSQ,2019-11,2408,2408,0,0,2408
DSQ,2019-12,782,782,0,0,782
DSQ,2020-01,802,802,0,0,802
DSQ,2020-02,1818,1818,0,0,1818
DSQ,2020-03,1792,1792,0,0,1792
DSQ,2020-04,868,868,0,0,868
DSQ,2020-05,751,751,0,0,751
DSQ,2020-06,938,938,0,0,938
DSQ,2020-07,1828,1828,0,0,1828
DSQ,2020-08,820,820,0,0,820
DSQ,2020-09,851,851,0,0,851
DSQ,2020-10,1758,1758,0,0,1758
DSQ,2020-11,841,841,0,0,841
DSQ,2020-12,1172,1172,0,0,1172
DSQ,2021-01,858,858,0,0,858
DSQ,2021-02,1828,1828,0,0,1828
DSQ,2021-03,1949,1949,0,0,1949
DSQ,2021-04,1012,1012,0,0,1012
DSQ,2021-05,895,895,0,0,895
DSQ,2021-06,2017,2017,0,0,2017
DSQ,2021-07,968,968,0,0,968
DSQ,2021-08,1227,1227,0,0,1227
DSQ,2021-09,967,967,0,0,967
DSQ,2021-10,1996,1996,0,0,1996
DSQ,2021-11,1036,1036,0,0,1036
DSQ,2021-12,1013,1013,0,0,1013
DSQ,2022-01,1060,1060,0,0,1060
DSQ,2022-02,2798,2798,0,0,2798
DSQ,2022-03,2513,2513,0,0,2513
DSQ,2022-04,1015,1015,0,0,1015
DSQ,2022-05,920,920,0,0,920
DSQ,2022-06,1713,1713,0,0,1713
DSQ,2022-07,937,937,0,0,937
DSQ,2022-08,1129,1129,0,0,1129
DSQ,2022-09,1448,1448,0,0,1448
DSQ,2022-10,762,762,0,0,762
DSQ,2022-11,789,789,0,0,789
DSQ,2022-12,910,910,0,0,910
DSQ,2023-01,915,915,0,0,915
DSQ,2023-02,1404,1404,0,0,1404
DSQ,2023-03,711,711,0,0,711
DSQ,2023-04,1345,1345,0,0,1345
DSQ,2023-05,910,910,0,0,910
DSQ,2023-06,1226,1226,0,0,1226
DSQ,2023-07,1847,1847,0,0,1847
DSQ,2023-08,1007,1007,0,0,1007
DSQ,2023-09,839,839,0,0,839
DSQ,2023-10,1245,1245,0,0,1245
DSQ,2023-11,773,773,0,0,773
DSQ,2023-12,833,833,0,0,833
DSQ,2024-01,934,934,0,0,934
DSQ,2024-02,1355,1355,0,0,1355
DSQ,2024-03,797,797,0,0,797
DSQ,2024-04,1225,1225,0,0,1225
DSQ,2024-05,2237,2237,0,0,2237
DSQ,2024-06,1057,1057,0,0,1057
DSQ,2024-07,1258,1258,0,0,1258
DSQ,2024-08,834,834,0,0,834
DSQ,2024-09,842,842,0,0,842
DSQ,2024-10,825,825,0,0,825
DSQ,2024-11,968,968,0,0,968
DSQ,2024-12,714,714,0,0,714
DSQ,2025-01,932,932,0,0,932
DSQ,2025-02,1067,1067,0,0,1067
DSQ,2025-03,747,747,0,0,747
DSQ,2025-04,1050,1050,0,0,1050
DSQ,2025-05,739,739,0,0,739
DSQ,2025-06,962,962,0,0,962
DSQ,2025-07,1377,1377,0,0,1377
DSQ,2025-08,607,607,0,0,607
DSQ,2025-09,726,726,0,0,726
DSQ,2025-10,997,997,0,0,997
DSQ,2025-11,617,617,0,0,617
DSQ,2025-12,760,760,0,0,760
DSQ,2026-01,741,741,0,0,741
DSQ,2026-02,773,773,0,0,773
DSQ,2026-03,736,736,0,0,736
DSQ,2026-04,912,912,0,0,912
DSQ,2026-05,686,686,0,0,686
DSQ,2026-06,898,898,0,0,898
DSQ,2026-07,834,834,0,0,834
DSQ,2026-08,652,652,0,0,652
OZD,2016-01,0,0,0,0,0
OZD,2016-02,1,1,0,0,1
OZD,2016-03,0,0,0,0,0
OZD,2016-04,0,0,0,0,0
OZD,2016-05,0,0,0,0,0
OZD,2016-06,0,0,0,0,0
OZD,2016-07,0,0,0,0,0
OZD,2016-08,0,0,0,0,0
OZD,2016-09,0,0,0,0,0
OZD,2016-10,0,0,0,0,0
OZD,2016-11,9,9,0,0,9
OZD,2016-12,8,8,0,0,8
OZD,2017-01,7,7,0,0,7
OZD,2017-02,6,6,0,0,6
OZD,2017-03,6,6,0,0,6
OZD,2017-04,6,6,0,0,6
OZD,2017-05,10,10,0,0,10
OZD,2017-06,10,10,0,0,10
OZD,2017-07,9,9,0,0,9
OZD,2017-08,4,4,0,0,4
OZD,2017-09,8,8,0,0,8
OZD,2017-10,19,19,0,0,19
OZD,2017-11,15,15,0,0,15
OZD,2017-12,9,9,0,0,9
OZD,2018-01,10,10,0,0,10
OZD,2018-02,6,6,0,0,6
OZD,2018-03,8,8,0,0,8
OZD,2018-04,11,11,0,0,11
OZD,2018-05,9,9,0,0,9
OZD,2018-06,16,16,0,0,16
OZD,2018-07,12,12,0,0,12
OZD,2018-08,11,11,0,0,11
OZD,2018-09,15,15,0,0,15
OZD,2018-10,19,19,0,0,19
OZD,2018-11,16,16,0,0,16
OZD,2018-12,16,16,0,0,16
OZD,2019-01,23,23,0,0,23
OZD,2019-02,17,17,0,0,17
OZD,2019-03,22,22,0,0,22
OZD,2019-04,18,18,0,0,18
OZD,2019-05,27,27,0,0,27
OZD,2019-06,16,16,0,0,16
OZD,2019-07,32,32,0,0,32
OZD,2019-08,25,25,0,0,25
OZD,2019-09,22,22,0,0,22
OZD,2019-10,29,29,0,0,29
OZD,2019-11,28,28,0,0,28
OZD,2019-12,41,41,0,0,41
OZD,2020-01,28,28,0,0,28
OZD,2020-02,23,23,0,0,23
OZD,2020-03,38,38,0,0,38
OZD,2020-04,34,34,0,0,34
OZD,2020-05,36,36,0,0,36
OZD,2020-06,25,25,0,0,25
OZD,2020-07,31,31,0,0,31
OZD,2020-08,20,20,0,0,20
OZD,2020-09,30,30,0,0,30
OZD,2020-10,19,19,0,0,19
OZD,2020-11,29,29,0,0,29
OZD,2020-12,28,28,0,0,28
OZD,2021-01,32,32,0,0,32
OZD,2021-02,73,73,0,0,73
OZD,2021-03,60,60,0,0,60
OZD,2021-04,47,47,0,0,47
OZD,2021-05,34,34,0,0,34
OZD,2021-06,26,26,0,0,26
OZD,2021-07,51,51,0,0,51
OZD,2021-08,38,38,0,0,38
OZD,2021-09,57,57,0,0,57
OZD,2021-10,49,49,0,0,49
OZD,2021-11,47,47,0,0,47
OZD,2021-12,53,53,0,0,53
OZD,2022-01,39,39,0,0,39
OZD,2022-02,34,34,0,0,34
OZD,2022-03,48,48,0,0,48
OZD,2022-04,59,59,0,0,59
OZD,2022-05,54,54,0,0,54
OZD,2022-06,41,41,0,0,41
OZD,2022-07,42,42,0,0,42
OZD,2022-08,17,17,0,0,17
OZD,2022-09,52,52,0,0,52
OZD,2022-10,48,48,0,0,48
OZD,2022-11,53,53,0,0,53
OZD,2022-12,55,55,0,0,55
OZD,2023-01,70,70,0,0,70
OZD,2023-02,90,90,0,0,90
OZD,2023-03,93,93,0,0,93
OZD,2023-04,92,92,0,0,92
OZD,2023-05,177,177,0,0,177
OZD,2023-06,134,134,0,0,134
OZD,2023-07,161,161,0,0,161
OZD,2023-08,391,391,0,0,391
OZD,2023-09,547,547,0,0,547
OZD,2023-10,1163,1163,0,0,1163
OZD,2023-11,455,455,0,0,455
OZD,2023-12,476,476,0,0,476
OZD,2024-01,791,791,0,0,791
OZD,2024-02,713,713,0,0,713
OZD,2024-03,1802,1802,0,0,1802
OZD,2024-04,1457,1457,0,0,1457
OZD,2024-05,1263,1263,0,0,1263
OZD,2024-06,886,886,0,0,886
OZD,2024-07,757,757,0,0,757
OZD,2024-08,3779,3779,0,0,3779
OZD,2024-09,959,959,0,0,959
OZD,2024-10,2742,2742,0,0,2742
OZD,2024-11,2694,2694,0,0,2694
OZD,2024-12,749,749,0,0,749
OZD,2025-01,641,641,0,0,641
OZD,2025-02,486,486,0,0,486
OZD,2025-03,649,649,0,0,649
OZD,2025-04,823,823,0,0,823
OZD,2025-05,850,850,0,0,850
OZD,2025-06,979,979,0,0,979
OZD,2025-07,945,945,0,0,945
OZD,2025-08,492,492,0,0,492
OZD,2025-09,1452,1452,0,0,1452
OZD,2025-10,952,952,0,0,952
OZD,2025-11,660,660,0,0,660
OZD,2025-12,954,954,0,0,954
OZD,2026-01,1766,1766,0,0,1766
OZD,2026-02,2011,2011,0,0,2011
OZD,2026-03,1652,1652,0,0,1652
OZD,2026-04,1002,1002,0,0,1002
OZD,2026-05,863,863,0,0,863
OZD,2026-06,1693,1693,0,0,1693
OZD,2026-07,972,972,0,0,972
OZD,2026-08,1017,1017,0,0,1017
PYX,2016-01,0,0,0,0,0
PYX,2016-02,0,0,0,0,0
PYX,2016-03,0,0,0,0,0
PYX,2016-04,0,0,0,0,0
PYX,2016-05,0,0,0,0,0
PYX,2016-06,0,0,0,0,0
PYX,2016-07,0,0,0,0,0
PYX,2016-08,0,0,0,0,0
PYX,2016-09,0,0,0,0,0
PYX,2016-10,0,0,0,0,0
PYX,2016-11,0,0,0,0,0
PYX,2016-12,0,0,0,0,0
PYX,2017-01,0,0,0,0,0
PYX,2017-02,0,0,0,0,0
PYX,2017-03,0,0,0,0,0
PYX,2017-04,0,0,0,0,0
PYX,2017-05,0,0,0,0,0
PYX,2017-06,0,0,0,0,0
PYX,2017-07,0,0,0,0,0
PYX,2017-08,0,0,0,0,0
PYX,2017-09,0,0,0,0,0
PYX,2017-10,0,0,0,0,0
PYX,2017-11,2,2,0,0,2
PYX,2017-12,0,0,0,0,0
PYX,2018-01,1,1,0,0,1
PYX,2018-02,1,1,0,0,1
PYX,2018-03,0,0,0,0,0
PYX,2018-04,1,1,0,0,1
PYX,2018-05,1,1,0,0,1
PYX,2018-06,0,0,0,0,0
PYX,2018-07,1,1,0,0,1
PYX,2018-08,1,1,0,0,1
PYX,2018-09,0,0,0,0,0
PYX,2018-10,1,1,0,0,1
PYX,2018-11,2,2,0,0,2
PYX,2018-12,1,1,0,0,1
PYX,2019-01,1,1,0,0,1
PYX,2019-02,2,2,0,0,2
PYX,2019-03,1,1,0,0,1
PYX,2019-04,0,0,0,0,0
PYX,2019-05,0,0,0,0,0
PYX,2019-06,1,1,0,0,1
PYX,2019-07,1,1,0,0,1
PYX,2019-08,0,0,0,0,0
PYX,2019-09,2,2,0,0,2
PYX,2019-10,2,2,0,0,2
PYX,2019-11,0,0,0,0,0
PYX,2019-12,0,0,0,0,0
PYX,2020-01,1,1,0,0,1
PYX,2020-02,2,2,0,0,2
PYX,2020-03,4,4,0,0,4
PYX,2020-04,0,0,0,0,0
PYX,2020-05,0,0,0,0,0
PYX,2020-06,0,0,0,0,0
PYX,2020-07,0,0,0,0,0
PYX,2020-08,0,0,0,0,0
PYX,2020-09,1,1,0,0,1
PYX,2020-10,0,0,0,0,0
PYX,2020-11,1,1,0,0,1
PYX,2020-12,1,1,0,0,1
PYX,2021-01,1,1,0,0,1
PYX,2021-02,0,0,0,0,0
PYX,2021-03,1,1,0,0,1
PYX,2021-04,1,1,0,0,1
PYX,2021-05,2,2,0,0,2
PYX,2021-06,0,0,0,0,0
PYX,2021-07,1,1,0,0,1
PYX,2021-08,0,0,0,0,0
PYX,2021-09,0,0,0,0,0
PYX,2021-10,0,0,0,0,0
PYX,2021-11,1,1,0,0,1
PYX,2021-12,0,0,0,0,0
PYX,2022-01,1,1,0,0,1
PYX,2022-02,0,0,0,0,0
PYX,2022-03,1,1,0,0,1
PYX,2022-04,0,0,0,0,0
PYX,2022-05,0,0,0,0,0
PYX,2022-06,1,1,0,0,1
PYX,2022-07,0,0,0,0,0
PYX,2022-08,0,0,0,0,0
PYX,2022-09,1,1,0,0,1
PYX,2022-10,3,3,0,0,3
PYX,2022-11,0,0,0,0,0
PYX,2022-12,2,2,0,0,2
PYX,2023-01,0,0,0,0,0
PYX,2023-02,1,1,0,0,1
PYX,2023-03,3,3,0,0,3
PYX,2023-04,1,1,0,0,1
PYX,2023-05,6,6,0,0,6
PYX,2023-06,2,2,0,0,2
PYX,2023-07,3,3,0,0,3
PYX,2023-08,10,10,0,0,10
PYX,2023-09,12,12,0,0,12
PYX,2023-10,17,17,0,0,17
PYX,2023-11,16,16,0,0,16
PYX,2023-12,19,19,0,0,19
PYX,2024-01,34,34,0,0,34
PYX,2024-02,34,34,0,0,34
PYX,2024-03,34,34,0,0,34
PYX,2024-04,44,44,0,0,44
PYX,2024-05,70,70,0,0,70
PYX,2024-06,31,31,0,0,31
PYX,2024-07,33,33,0,0,33
PYX,2024-08,48,48,0,0,48
PYX,2024-09,405,405,0,0,405
PYX,2024-10,177,177,0,0,177
PYX,2024-11,70,70,0,0,70
PYX,2024-12,51,51,0,0,51
PYX,2025-01,35,35,0,0,35
PYX,2025-02,26,26,0,0,26
PYX,2025-03,28,28,0,0,28
PYX,2025-04,31,31,0,0,31
PYX,2025-05,34,34,0,0,34
PYX,2025-06,58,58,0,0,58
PYX,2025-07,40,40,0,0,40
PYX,2025-08,28,28,0,0,28
PYX,2025-09,130,130,0,0,130
PYX,2025-10,70,70,0,0,70
PYX,2025-11,31,31,0,0,31
PYX,2025-12,39,39,0,0,39
PYX,2026-01,99,99,0,0,99
PYX,2026-02,91,91,0,0,91
PYX,2026-03,97,97,0,0,97
PYX,2026-04,50,50,0,0,50
PYX,2026-05,35,35,0,0,35
PYX,2026-06,37,37,0,0,37
PYX,2026-07,25,25,0,0,25
PYX,2026-08,37,37,0,0,37
NPT,2016-01,214,214,0,0,214
NPT,2016-02,248,248,0,0,248
NPT,2016-03,289,289,0,0,289
NPT,2016-04,455,455,0,0,455
NPT,2016-05,240,240,0,0,240
NPT,2016-06,227,227,0,0,227
NPT,2016-07,214,214,0,0,214
NPT,2016-08,211,211,0,0,211
NPT,2016-09,183,183,0,0,183
NPT,2016-10,215,215,0,0,215
NPT,2016-11,233,233,0,0,233
NPT,2016-12,266,266,0,0,266
NPT,2017-01,227,227,0,0,227
NPT,2017-02,229,229,0,0,229
NPT,2017-03,244,244,0,0,244
NPT,2017-04,280,280,0,0,280
NPT,2017-05,257,257,0,0,257
NPT,2017-06,236,236,0,0,236
NPT,2017-07,209,209,0,0,209
NPT,2017-08,293,293,0,0,293
NPT,2017-09,209,209,0,0,209
NPT,2017-10,297,297,0,0,297
NPT,2017-11,330,330,0,0,330
NPT,2017-12,304,304,0,0,304
NPT,2018-01,261,261,0,0,261
NPT,2018-02,239,239,0,0,239
NPT,2018-03,371,371,0,0,371
NPT,2018-04,281,281,0,0,281
NPT,2018-05,357,357,0,0,357
NPT,2018-06,346,346,0,0,346
NPT,2018-07,391,391,0,0,391
NPT,2018-08,389,389,0,0,389
NPT,2018-09,249,249,0,0,249
NPT,2018-10,333,333,0,0,333
NPT,2018-11,358,358,0,0,358
NPT,2018-12,341,341,0,0,341
NPT,2019-01,380,380,0,0,380
NPT,2019-02,349,349,0,0,349
NPT,2019-03,353,353,0,0,353
NPT,2019-04,356,356,0,0,356
NPT,2019-05,369,369,0,0,369
NPT,2019-06,329,329,0,0,329
NPT,2019-07,395,395,0,0,395
NPT,2019-08,334,334,0,0,334
NPT,2019-09,304,304,0,0,304
NPT,2019-10,394,394,0,0,394
NPT,2019-11,357,357,0,0,357
NPT,2019-12,441,441,0,0,441
NPT,2020-01,442,442,0,0,442
NPT,2020-02,426,426,0,0,426
NPT,2020-03,591,591,0,0,591
NPT,2020-04,740,740,0,0,740
NPT,2020-05,272,272,0,0,272
NPT,2020-06,428,428,0,0,428
NPT,2020-07,607,607,0,0,607
NPT,2020-08,387,387,0,0,387
NPT,2020-09,385,385,0,0,385
NPT,2020-10,556,556,0,0,556
NPT,2020-11,494,494,0,0,494
NPT,2020-12,478,478,0,0,478
NPT,2021-01,423,423,0,0,423
NPT,2021-02,507,507,0,0,507
NPT,2021-03,513,513,0,0,513
NPT,2021-04,614,614,0,0,614
NPT,2021-05,466,466,0,0,466
NPT,2021-06,509,509,0,0,509
NPT,2021-07,520,520,0,0,520
NPT,2021-08,324,324,0,0,324
NPT,2021-09,352,352,0,0,352
NPT,2021-10,600,600,0,0,600
NPT,2021-11,410,410,0,0,410
NPT,2021-12,366,366,0,0,366
NPT,2022-01,461,461,0,0,461
NPT,2022-02,379,379,0,0,379
NPT,2022-03,446,446,0,0,446
NPT,2022-04,642,642,0,0,642
NPT,2022-05,408,408,0,0,408
NPT,2022-06,471,471,0,0,471
NPT,2022-07,479,479,0,0,479
NPT,2022-08,457,457,0,0,457
NPT,2022-09,423,423,0,0,423
NPT,2022-10,592,592,0,0,592
NPT,2022-11,495,495,0,0,495
NPT,2022-12,741,741,0,0,741
NPT,2023-01,530,530,0,0,530
NPT,2023-02,593,593,0,0,593
NPT,2023-03,834,834,0,0,834
NPT,2023-04,749,749,0,0,749
NPT,2023-05,565,565,0,0,565
NPT,2023-06,713,713,0,0,713
NPT,2023-07,701,701,0,0,701
NPT,2023-08,690,690,0,0,690
NPT,2023-09,546,546,0,0,546
NPT,2023-10,861,861,0,0,861
NPT,2023-11,687,687,0,0,687
NPT,2023-12,850,850,0,0,850
NPT,2024-01,786,786,0,0,786
NPT,2024-02,1044,1044,0,0,1044
NPT,2024-03,1072,1072,0,0,1072
NPT,2024-04,983,983,0,0,983
NPT,2024-05,787,787,0,0,787
NPT,2024-06,822,822,0,0,822
NPT,2024-07,827,827,0,0,827
NPT,2024-08,920,920,0,0,920
NPT,2024-09,702,702,0,0,702
NPT,2024-10,1029,1029,0,0,1029
NPT,2024-11,940,940,0,0,940
NPT,2024-12,1131,1131,0,0,1131
NPT,2025-01,1036,1036,0,0,1036
NPT,2025-02,910,910,0,0,910
NPT,2025-03,1080,1080,0,0,1080
NPT,2025-04,1425,1425,0,0,1425
NPT,2025-05,1057,1057,0,0,1057
NPT,2025-06,1085,1085,0,0,1085
NPT,2025-07,1272,1272,0,0,1272
NPT,2025-08,977,977,0,0,977
NPT,2025-09,824,824,0,0,824
NPT,2025-10,1293,1293,0,0,1293
NPT,2025-11,935,935,0,0,935
NPT,2025-12,1226,1226,0,0,1226
NPT,2026-01,1007,1007,0,0,1007
NPT,2026-02,1052,1052,0,0,1052
NPT,2026-03,1242,1242,0,0,1242
NPT,2026-04,1188,1188,0,0,1188
NPT,2026-05,1068,1068,0,0,1068
NPT,2026-06,981,981,0,0,981
NPT,2026-07,1117,1117,0,0,1117
NPT,2026-08,917,917,0,0,917
NIK,2016-01,534,534,0,0,534
NIK,2016-02,756,756,0,0,756
NIK,2016-03,337,337,0,0,337
NIK,2016-04,968,968,0,0,968
NIK,2016-05,356,356,0,0,356
NIK,2016-06,784,784,0,0,784
NIK,2016-07,527,527,0,0,527
NIK,2016-08,857,857,0,0,857
NIK,2016-09,330,330,0,0,330
NIK,2016-10,990,990,0,0,990
NIK,2016-11,419,419,0,0,419
NIK,2016-12,6397,6397,0,0,6397
NIK,2017-01,4250,4250,0,0,4250
NIK,2017-02,2111,2111,0,0,2111
NIK,2017-03,1790,1790,0,0,1790
NIK,2017-04,1894,1894,0,0,1894
NIK,2017-05,744,744,0,0,744
NIK,2017-06,1124,1124,0,0,1124
NIK,2017-07,810,810,0,0,810
NIK,2017-08,732,732,0,0,732
NIK,2017-09,478,478,0,0,478
NIK,2017-10,1115,1115,0,0,1115
NIK,2017-11,447,447,0,0,447
NIK,2017-12,770,770,0,0,770
NIK,2018-01,835,835,0,0,835
NIK,2018-02,666,666,0,0,666
NIK,2018-03,733,733,0,0,733
NIK,2018-04,1130,1130,0,0,1130
NIK,2018-05,559,559,0,0,559
NIK,2018-06,724,724,0,0,724
NIK,2018-07,580,580,0,0,580
NIK,2018-08,717,717,0,0,717
NIK,2018-09,399,399,0,0,399
NIK,2018-10,900,900,0,0,900
NIK,2018-11,553,553,0,0,553
NIK,2018-12,552,552,0,0,552
NIK,2019-01,570,570,0,0,570
NIK,2019-02,630,630,0,0,630
NIK,2019-03,540,540,0,0,540
NIK,2019-04,683,683,0,0,683
NIK,2019-05,520,520,0,0,520
NIK,2019-06,534,534,0,0,534
NIK,2019-07,569,569,0,0,569
NIK,2019-08,603,603,0,0,603
NIK,2019-09,529,529,0,0,529
NIK,2019-10,658,658,0,0,658
NIK,2019-11,710,710,0,0,710
NIK,2019-12,720,720,0,0,720
NIK,2020-01,916,916,0,0,916
NIK,2020-02,718,718,0,0,718
NIK,2020-03,814,814,0,0,814
NIK,2020-04,811,811,0,0,811
NIK,2020-05,573,573,0,0,573
NIK,2020-06,676,676,0,0,676
NIK,2020-07,915,915,0,0,915
NIK,2020-08,714,714,0,0,714
NIK,2020-09,754,754,0,0,754
NIK,2020-10,1007,1007,0,0,1007
NIK,2020-11,822,822,0,0,822
NIK,2020-12,889,889,0,0,889
NIK,2021-01,911,911,0,0,911
NIK,2021-02,814,814,0,0,814
NIK,2021-03,882,882,0,0,882
NIK,2021-04,976,976,0,0,976
NIK,2021-05,884,884,0,0,884
NIK,2021-06,884,884,0,0,884
NIK,2021-07,981,981,0,0,981
NIK,2021-08,738,738,0,0,738
NIK,2021-09,701,701,0,0,701
NIK,2021-10,897,897,0,0,897
NIK,2021-11,723,723,0,0,723
NIK,2021-12,743,743,0,0,743
NIK,2022-01,838,838,0,0,838
NIK,2022-02,651,651,0,0,651
NIK,2022-03,766,766,0,0,766
NIK,2022-04,965,965,0,0,965
NIK,2022-05,918,918,0,0,918
NIK,2022-06,924,924,0,0,924
NIK,2022-07,1374,1374,0,0,1374
NIK,2022-08,1003,1003,0,0,1003
NIK,2022-09,759,759,0,0,759
NIK,2022-10,835,835,0,0,835
NIK,2022-11,831,831,0,0,831
NIK,2022-12,782,782,0,0,782
NIK,2023-01,834,834,0,0,834
NIK,2023-02,854,854,0,0,854
NIK,2023-03,992,992,0,0,992
NIK,2023-04,879,879,0,0,879
NIK,2023-05,963,963,0,0,963
NIK,2023-06,966,966,0,0,966
NIK,2023-07,900,900,0,0,900
NIK,2023-08,1761,1761,0,0,1761
NIK,2023-09,896,896,0,0,896
NIK,2023-10,1010,1010,0,0,1010
NIK,2023-11,964,964,0,0,964
NIK,2023-12,878,878,0,0,878
NIK,2024-01,973,973,0,0,973
NIK,2024-02,1004,1004,0,0,1004
NIK,2024-03,961,961,0,0,961
NIK,2024-04,1018,1018,0,0,1018
NIK,2024-05,1070,1070,0,0,1070
NIK,2024-06,945,945,0,0,945
NIK,2024-07,952,952,0,0,952
NIK,2024-08,1007,1007,0,0,1007
NIK,2024-09,819,819,0,0,819
NIK,2024-10,1014,1014,0,0,1014
NIK,2024-11,926,926,0,0,926
NIK,2024-12,1009,1009,0,0,1009
NIK,2025-01,931,931,0,0,931
NIK,2025-02,921,921,0,0,921
NIK,2025-03,935,935,0,0,935
NIK,2025-04,1071,1071,0,0,1071
NIK,2025-05,923,923,0,0,923
NIK,2025-06,851,851,0,0,851
NIK,2025-07,914,914,0,0,914
NIK,2025-08,857,857,0,0,857
NIK,2025-09,870,870,0,0,870
NIK,2025-10,945,945,0,0,945
NIK,2025-11,882,882,0,0,882
NIK,2025-12,914,914,0,0,914
NIK,2026-01,853,853,0,0,853
NIK,2026-02,948,948,0,0,948
NIK,2026-03,979,979,0,0,979
NIK,2026-04,875,875,0,0,875
NIK,2026-05,921,921,0,0,921
NIK,2026-06,932,932,0,0,932
NIK,2026-07,912,912,0,0,912
NIK,2026-08,831,831,0,0,831
LWS,2016-01,1013,1013,0,0,1013
LWS,2016-02,1475,1475,0,0,1475
LWS,2016-03,401,401,0,0,401
LWS,2016-04,2188,2188,0,0,2188
LWS,2016-05,555,555,0,0,555
LWS,2016-06,1451,1451,0,0,1451
LWS,2016-07,1247,1247,0,0,1247
LWS,2016-08,1648,1648,0,0,1648
LWS,2016-09,354,354,0,0,354
LWS,2016-10,2288,2288,0,0,2288
LWS,2016-11,443,443,0,0,443
LWS,2016-12,3575,3575,0,0,3575
LWS,2017-01,2609,2609,0,0,2609
LWS,2017-02,1979,1979,0,0,1979
LWS,2017-03,985,985,0,0,985
LWS,2017-04,2746,2746,0,0,2746
LWS,2017-05,588,588,0,0,588
LWS,2017-06,1790,1790,0,0,1790
LWS,2017-07,1341,1341,0,0,1341
LWS,2017-08,1501,1501,0,0,1501
LWS,2017-09,442,442,0,0,442
LWS,2017-10,2531,2531,0,0,2531
LWS,2017-11,442,442,0,0,442
LWS,2017-12,1500,1500,0,0,1500
LWS,2018-01,1547,1547,0,0,1547
LWS,2018-02,1378,1378,0,0,1378
LWS,2018-03,1208,1208,0,0,1208
LWS,2018-04,2922,2922,0,0,2922
LWS,2018-05,901,901,0,0,901
LWS,2018-06,1754,1754,0,0,1754
LWS,2018-07,1228,1228,0,0,1228
LWS,2018-08,1114,1114,0,0,1114
LWS,2018-09,812,812,0,0,812
LWS,2018-10,2045,2045,0,0,2045
LWS,2018-11,1293,1293,0,0,1293
LWS,2018-12,1026,1026,0,0,1026
LWS,2019-01,1317,1317,0,0,1317
LWS,2019-02,1402,1402,0,0,1402
LWS,2019-03,1040,1040,0,0,1040
LWS,2019-04,1711,1711,0,0,1711
LWS,2019-05,1329,1329,0,0,1329
LWS,2019-06,1315,1315,0,0,1315
LWS,2019-07,1529,1529,0,0,1529
LWS,2019-08,1471,1471,0,0,1471
LWS,2019-09,1259,1259,0,0,1259
LWS,2019-10,1679,1679,0,0,1679
LWS,2019-11,1131,1131,0,0,1131
LWS,2019-12,1000,1000,0,0,1000
LWS,2020-01,2180,2180,0,0,2180
LWS,2020-02,1018,1018,0,0,1018
LWS,2020-03,1045,1045,0,0,1045
LWS,2020-04,2110,2110,0,0,2110
LWS,2020-05,990,990,0,0,990
LWS,2020-06,882,882,0,0,882
LWS,2020-07,2226,2226,0,0,2226
LWS,2020-08,934,934,0,0,934
LWS,2020-09,1086,1086,0,0,1086
LWS,2020-10,2195,2195,0,0,2195
LWS,2020-11,1173,1173,0,0,1173
LWS,2020-12,1068,1068,0,0,1068
LWS,2021-01,2624,2624,0,0,2624
LWS,2021-02,1371,1371,0,0,1371
LWS,2021-03,998,998,0,0,998
LWS,2021-04,2357,2357,0,0,2357
LWS,2021-05,1390,1390,0,0,1390
LWS,2021-06,1147,1147,0,0,1147
LWS,2021-07,2515,2515,0,0,2515
LWS,2021-08,1121,1121,0,0,1121
LWS,2021-09,1263,1263,0,0,1263
LWS,2021-10,2521,2521,0,0,2521
LWS,2021-11,1194,1194,0,0,1194
LWS,2021-12,1151,1151,0,0,1151
LWS,2022-01,2684,2684,0,0,2684
LWS,2022-02,1264,1264,0,0,1264
LWS,2022-03,1328,1328,0,0,1328
LWS,2022-04,2952,2952,0,0,2952
LWS,2022-05,2187,2187,0,0,2187
LWS,2022-06,2194,2194,0,0,2194
LWS,2022-07,1680,1680,0,0,1680
LWS,2022-08,1739,1739,0,0,1739
LWS,2022-09,1764,1764,0,0,1764
LWS,2022-10,1944,1944,0,0,1944
LWS,2022-11,1922,1922,0,0,1922
LWS,2022-12,1795,1795,0,0,1795
LWS,2023-01,2003,2003,0,0,2003
LWS,2023-02,1875,1875,0,0,1875
LWS,2023-03,2032,2032,0,0,2032
LWS,2023-04,1881,1881,0,0,1881
LWS,2023-05,2174,2174,0,0,2174
LWS,2023-06,2198,2198,0,0,2198
LWS,2023-07,2085,2085,0,0,2085
LWS,2023-08,5691,5691,0,0,5691
LWS,2023-09,2101,2101,0,0,2101
LWS,2023-10,2339,2339,0,0,2339
LWS,2023-11,2315,2315,0,0,2315
LWS,2023-12,2009,2009,0,0,2009
LWS,2024-01,2129,2129,0,0,2129
LWS,2024-02,2146,2146,0,0,2146
LWS,2024-03,2134,2134,0,0,2134
LWS,2024-04,2236,2236,0,0,2236
LWS,2024-05,2116,2116,0,0,2116
LWS,2024-06,2122,2122,0,0,2122
LWS,2024-07,2143,2143,0,0,2143
LWS,2024-08,1963,1963,0,0,1963
LWS,2024-09,1943,1943,0,0,1943
LWS,2024-10,2258,2258,0,0,2258
LWS,2024-11,1839,1839,0,0,1839
LWS,2024-12,2174,2174,0,0,2174
LWS,2025-01,2159,2159,0,0,2159
LWS,2025-02,1768,1768,0,0,1768
LWS,2025-03,1873,1873,0,0,1873
LWS,2025-04,2156,2156,0,0,2156
LWS,2025-05,1908,1908,0,0,1908
LWS,2025-06,1933,1933,0,0,1933
LWS,2025-07,2688,2688,0,0,2688
LWS,2025-08,2045,2045,0,0,2045
LWS,2025-09,2063,2063,0,0,2063
LWS,2025-10,2218,2218,0,0,2218
LWS,2025-11,1855,1855,0,0,1855
LWS,2025-12,1963,1963,0,0,1963
LWS,2026-01,1789,1789,0,0,1789
LWS,2026-02,2109,2109,0,0,2109
LWS,2026-03,1988,1988,0,0,1988
LWS,2026-04,1901,1901,0,0,1901
LWS,2026-05,1941,1941,0,0,1941
LWS,2026-06,2059,2059,0,0,2059
LWS,2026-07,2161,2161,0,0,2161
LWS,2026-08,1606,1606,0,0,1606
DSP,2016-01,37,37,0,0,37
DSP,2016-02,30,30,0,0,30
DSP,2016-03,44,44,0,0,44
DSP,2016-04,27,27,0,0,27
DSP,2016-05,35,35,0,0,35
DSP,2016-06,43,43,0,0,43
DSP,2016-07,29,29,0,0,29
DSP,2016-08,44,44,0,0,44
DSP,2016-09,33,33,0,0,33
DSP,2016-10,30,30,0,0,30
DSP,2016-11,45,45,0,0,45
DSP,2016-12,22,22,0,0,22
DSP,2017-01,32,32,0,0,32
DSP,2017-02,40,40,0,0,40
DSP,2017-03,36,36,0,0,36
DSP,2017-04,29,29,0,0,29
DSP,2017-05,41,41,0,0,41
DSP,2017-06,78,78,0,0,78
DSP,2017-07,279,279,0,0,279
DSP,2017-08,404,404,0,0,404
DSP,2017-09,270,270,0,0,270
DSP,2017-10,356,356,0,0,356
DSP,2017-11,310,310,0,0,310
DSP,2017-12,289,289,0,0,289
DSP,2018-01,254,254,0,0,254
DSP,2018-02,256,256,0,0,256
DSP,2018-03,339,339,0,0,339
DSP,2018-04,314,314,0,0,314
DSP,2018-05,281,281,0,0,281
DSP,2018-06,278,278,0,0,278
DSP,2018-07,259,259,0,0,259
DSP,2018-08,322,322,0,0,322
DSP,2018-09,238,238,0,0,238
DSP,2018-10,253,253,0,0,253
DSP,2018-11,283,283,0,0,283
DSP,2018-12,254,254,0,0,254
DSP,2019-01,265,265,0,0,265
DSP,2019-02,261,261,0,0,261
DSP,2019-03,328,328,0,0,328
DSP,2019-04,362,362,0,0,362
DSP,2019-05,287,287,0,0,287
DSP,2019-06,303,303,0,0,303
DSP,2019-07,263,263,0,0,263
DSP,2019-08,349,349,0,0,349
DSP,2019-09,265,265,0,0,265
DSP,2019-10,317,317,0,0,317
DSP,2019-11,251,251,0,0,251
DSP,2019-12,301,301,0,0,301
DSP,2020-01,263,263,0,0,263
DSP,2020-02,280,280,0,0,280
DSP,2020-03,277,277,0,0,277
DSP,2020-04,258,258,0,0,258
DSP,2020-05,169,169,0,0,169
DSP,2020-06,265,265,0,0,265
DSP,2020-07,299,299,0,0,299
DSP,2020-08,286,286,0,0,286
DSP,2020-09,308,308,0,0,308
DSP,2020-10,320,320,0,0,320
DSP,2020-11,337,337,0,0,337
DSP,2020-12,331,331,0,0,331
DSP,2021-01,258,258,0,0,258
DSP,2021-02,394,394,0,0,394
DSP,2021-03,327,327,0,0,327
DSP,2021-04,345,345,0,0,345
DSP,2021-05,317,317,0,0,317
DSP,2021-06,360,360,0,0,360
DSP,2021-07,347,347,0,0,347
DSP,2021-08,433,433,0,0,433
DSP,2021-09,353,353,0,0,353
DSP,2021-10,427,427,0,0,427
DSP,2021-11,388,388,0,0,388
DSP,2021-12,396,396,0,0,396
DSP,2022-01,290,290,0,0,290
DSP,2022-02,350,350,0,0,350
DSP,2022-03,428,428,0,0,428
DSP,2022-04,417,417,0,0,417
DSP,2022-05,419,419,0,0,419
DSP,2022-06,413,413,0,0,413
DSP,2022-07,472,472,0,0,472
DSP,2022-08,483,483,0,0,483
DSP,2022-09,399,399,0,0,399
DSP,2022-10,433,433,0,0,433
DSP,2022-11,441,441,0,0,441
DSP,2022-12,568,568,0,0,568
DSP,2023-01,967,967,0,0,967
DSP,2023-02,611,611,0,0,611
DSP,2023-03,552,552,0,0,552
DSP,2023-04,505,505,0,0,505
DSP,2023-05,594,594,0,0,594
DSP,2023-06,586,586,0,0,586
DSP,2023-07,463,463,0,0,463
DSP,2023-08,566,566,0,0,566
DSP,2023-09,540,540,0,0,540
DSP,2023-10,485,485,0,0,485
DSP,2023-11,567,567,0,0,567
DSP,2023-12,544,544,0,0,544
DSP,2024-01,537,537,0,0,537
DSP,2024-02,629,629,0,0,629
DSP,2024-03,584,584,0,0,584
DSP,2024-04,618,618,0,0,618
DSP,2024-05,645,645,0,0,645
DSP,2024-06,534,534,0,0,534
DSP,2024-07,620,620,0,0,620
DSP,2024-08,640,640,0,0,640
DSP,2024-09,610,610,0,0,610
DSP,2024-10,684,684,0,0,684
DSP,2024-11,552,552,0,0,552
DSP,2024-12,666,666,0,0,666
DSP,2025-01,613,613,0,0,613
DSP,2025-02,561,561,0,0,561
DSP,2025-03,753,753,0,0,753
DSP,2025-04,678,678,0,0,678
DSP,2025-05,499,499,0,0,499
DSP,2025-06,525,525,0,1,524
DSP,2025-07,721,721,0,0,721
DSP,2025-08,507,507,0,0,507
DSP,2025-09,612,612,0,0,612
DSP,2025-10,640,640,0,0,640
DSP,2025-11,610,610,0,0,610
DSP,2025-12,785,785,0,0,785
DSP,2026-01,1751,1751,0,0,1751
DSP,2026-02,626,626,0,0,626
DSP,2026-03,690,690,0,0,690
DSP,2026-04,820,820,0,0,820
DSP,2026-05,608,608,0,0,608
DSP,2026-06,607,607,0,0,607
DSP,2026-07,748,748,0,0,748
DSP,2026-08,731,731,0,0,731
