product_code,month,eligible_reports_with_recall_action
DSP,2016-01,4
DSP,2016-02,2
DSP,2016-03,2
DSP,2016-04,3
DSP,2016-05,1
DSP,2016-06,3
DSP,2016-07,1
DSP,2016-11,2
DSP,2019-05,4
DSP,2019-06,2
DSP,2019-07,9
DSP,2019-08,1
DSP,2020-09,1
DSP,2020-10,1
DSP,2022-08,1
DSP,2025-12,1
DSQ,2016-01,90
DSQ,2016-02,6
DSQ,2016-03,17
DSQ,2016-04,12
DSQ,2016-05,1
DSQ,2016-06,4
DSQ,2016-07,5
DSQ,2016-08,7
DSQ,2016-09,2
DSQ,2016-10,7
DSQ,2016-11,5
DSQ,2016-12,2
DSQ,2017-01,6
DSQ,2017-02,2
DSQ,2017-03,2
DSQ,2017-04,10
DSQ,2017-05,21
DSQ,2017-06,20
DSQ,2017-07,18
DSQ,2017-08,34
DSQ,2017-09,24
DSQ,2017-10,50
DSQ,2017-11,93
DSQ,2017-12,291
DSQ,2018-01,87
DSQ,2018-02,92
DSQ,2018-03,113
DSQ,2018-04,133
DSQ,2018-05,193
DSQ,2018-06,214
DSQ,2018-07,143
DSQ,2018-08,152
DSQ,2018-09,93
DSQ,2018-10,64
DSQ,2018-11,63
DSQ,2018-12,75
DSQ,2019-01,65
DSQ,2019-02,61
DSQ,2019-03,75
DSQ,2019-04,64
DSQ,2019-05,48
DSQ,2019-06,57
DSQ,2019-07,58
DSQ,2019-08,64
DSQ,2019-09,66
DSQ,2019-10,57
DSQ,2019-11,58
DSQ,2019-12,56
DSQ,2020-01,42
DSQ,2020-02,46
DSQ,2020-03,48
DSQ,2020-04,41
DSQ,2020-05,40
DSQ,2020-06,64
DSQ,2020-07,60
DSQ,2020-08,55
DSQ,2020-09,56
DSQ,2020-10,69
DSQ,2020-11,45
DSQ,2020-12,45
DSQ,2021-01,40
DSQ,2021-02,33
DSQ,2021-03,49
DSQ,2021-04,38
DSQ,2021-05,24
DSQ,2021-06,26
DSQ,2021-07,21
DSQ,2021-08,18
DSQ,2021-09,9
DSQ,2021-10,15
DSQ,2021-11,20
DSQ,2021-12,13
DSQ,2022-01,14
DSQ,2022-02,14
DSQ,2022-03,32
DSQ,2022-04,17
DSQ,2022-05,11
DSQ,2022-06,9
DSQ,2022-07,10
DSQ,2022-08,17
DSQ,2022-09,9
DSQ,2022-10,8
DSQ,2022-11,11
DSQ,2022-12,9
DSQ,2023-01,19
DSQ,2023-02,21
DSQ,2023-03,26
DSQ,2023-04,27
DSQ,2023-05,25
DSQ,2023-06,11
DSQ,2023-07,4
DSQ,2023-08,4
DSQ,2023-09,5
DSQ,2023-10,5
DSQ,2023-11,1
DSQ,2023-12,3
DSQ,2024-04,3
DSQ,2024-05,6
DSQ,2024-06,4
DSQ,2024-07,5
DSQ,2024-09,4
DSQ,2024-10,1
DSQ,2024-11,2
DSQ,2024-12,2
DSQ,2025-06,57
DSQ,2025-07,4
DSQ,2025-08,1
DSQ,2025-10,1
DSQ,2025-11,1
DSQ,2025-12,1
DSQ,2026-02,2
DSQ,2026-03,1
DSQ,2026-05,1
DSQ,2026-06,2
LWS,2016-01,28
LWS,2016-02,233
LWS,2016-03,38
LWS,2016-04,241
LWS,2016-05,73
LWS,2016-06,233
LWS,2016-07,46
LWS,2016-08,265
LWS,2016-09,50
LWS,2016-10,215
LWS,2016-11,68
LWS,2016-12,242
LWS,2017-01,48
LWS,2017-02,212
LWS,2017-03,57
LWS,2017-04,159
LWS,2017-05,39
LWS,2017-06,181
LWS,2017-07,20
LWS,2017-08,172
LWS,2017-09,53
LWS,2017-10,220
LWS,2017-11,34
LWS,2017-12,226
LWS,2018-01,68
LWS,2018-02,179
LWS,2018-03,98
LWS,2018-04,359
LWS,2018-05,128
LWS,2018-06,244
LWS,2018-07,151
LWS,2018-08,119
LWS,2018-09,114
LWS,2018-10,149
LWS,2018-11,188
LWS,2018-12,164
LWS,2019-01,136
LWS,2019-02,30
LWS,2019-03,38
LWS,2019-04,52
LWS,2019-05,42
LWS,2019-06,44
LWS,2019-07,40
LWS,2019-08,50
LWS,2019-09,56
LWS,2019-10,60
LWS,2019-11,50
LWS,2019-12,49
LWS,2020-01,62
LWS,2020-02,47
LWS,2020-03,50
LWS,2020-04,66
LWS,2020-05,49
LWS,2020-06,50
LWS,2020-07,45
LWS,2020-08,35
LWS,2020-09,134
LWS,2020-10,36
LWS,2020-11,50
LWS,2020-12,47
LWS,2021-01,43
LWS,2021-02,56
LWS,2021-03,48
LWS,2021-04,77
LWS,2021-05,60
LWS,2021-06,39
LWS,2021-07,229
LWS,2021-08,82
LWS,2021-09,68
LWS,2021-10,504
LWS,2021-11,88
LWS,2021-12,77
LWS,2022-01,625
LWS,2022-02,144
LWS,2022-03,98
LWS,2022-04,692
LWS,2022-05,459
LWS,2022-06,354
LWS,2022-07,294
LWS,2022-08,327
LWS,2022-09,287
LWS,2022-10,370
LWS,2022-11,377
LWS,2022-12,374
LWS,2023-01,321
LWS,2023-02,357
LWS,2023-03,360
LWS,2023-04,253
LWS,2023-05,301
LWS,2023-06,309
LWS,2023-07,257
LWS,2023-08,274
LWS,2023-09,250
LWS,2023-10,260
LWS,2023-11,226
LWS,2023-12,228
LWS,2024-01,264
LWS,2024-02,216
LWS,2024-03,220
LWS,2024-04,188
LWS,2024-05,206
LWS,2024-06,180
LWS,2024-07,227
LWS,2024-08,165
LWS,2024-09,189
LWS,2024-10,185
LWS,2024-11,135
LWS,2024-12,179
LWS,2025-01,155
LWS,2025-02,135
LWS,2025-03,128
LWS,2025-04,140
LWS,2025-05,123
LWS,2025-06,126
LWS,2025-07,239
LWS,2025-08,96
LWS,2025-09,107
LWS,2025-10,99
LWS,2025-11,73
LWS,2025-12,96
LWS,2026-01,85
LWS,2026-02,85
LWS,2026-03,74
LWS,2026-04,51
LWS,2026-05,51
LWS,2026-06,62
LWS,2026-07,33
LWS,2026-08,29
NIK,2016-01,14
NIK,2016-02,14
NIK,2016-03,9
NIK,2016-04,11
NIK,2016-05,7
NIK,2016-06,24
NIK,2016-07,11
NIK,2016-08,20
NIK,2016-09,16
NIK,2016-10,22
NIK,2016-11,25
NIK,2016-12,82
NIK,2017-01,35
NIK,2017-02,72
NIK,2017-03,38
NIK,2017-04,69
NIK,2017-05,14
NIK,2017-06,77
NIK,2017-07,19
NIK,2017-08,72
NIK,2017-09,54
NIK,2017-10,146
NIK,2017-11,60
NIK,2017-12,131
NIK,2018-01,71
NIK,2018-02,126
NIK,2018-03,82
NIK,2018-04,278
NIK,2018-05,110
NIK,2018-06,92
NIK,2018-07,96
NIK,2018-08,161
NIK,2018-09,73
NIK,2018-10,118
NIK,2018-11,109
NIK,2018-12,100
NIK,2019-01,94
NIK,2019-02,48
NIK,2019-03,54
NIK,2019-04,55
NIK,2019-05,67
NIK,2019-06,43
NIK,2019-07,53
NIK,2019-08,43
NIK,2019-09,34
NIK,2019-10,53
NIK,2019-11,56
NIK,2019-12,49
NIK,2020-01,35
NIK,2020-02,33
NIK,2020-03,47
NIK,2020-04,50
NIK,2020-05,31
NIK,2020-06,39
NIK,2020-07,31
NIK,2020-08,31
NIK,2020-09,27
NIK,2020-10,27
NIK,2020-11,35
NIK,2020-12,30
NIK,2021-01,19
NIK,2021-02,32
NIK,2021-03,47
NIK,2021-04,36
NIK,2021-05,28
NIK,2021-06,27
NIK,2021-07,25
NIK,2021-08,19
NIK,2021-09,20
NIK,2021-10,13
NIK,2021-11,13
NIK,2021-12,21
NIK,2022-01,17
NIK,2022-02,21
NIK,2022-03,16
NIK,2022-04,30
NIK,2022-05,16
NIK,2022-06,20
NIK,2022-07,664
NIK,2022-08,110
NIK,2022-09,26
NIK,2022-10,28
NIK,2022-11,20
NIK,2022-12,12
NIK,2023-01,18
NIK,2023-02,15
NIK,2023-03,14
NIK,2023-04,7
NIK,2023-05,19
NIK,2023-06,12
NIK,2023-07,20
NIK,2023-08,12
NIK,2023-09,7
NIK,2023-10,9
NIK,2023-11,6
NIK,2023-12,9
NIK,2024-01,6
NIK,2024-02,8
NIK,2024-03,14
NIK,2024-04,7
NIK,2024-05,8
NIK,2024-06,7
NIK,2024-07,3
NIK,2024-08,2
NIK,2024-09,4
NIK,2024-10,3
NIK,2024-11,6
NIK,2024-12,13
NIK,2025-01,6
NIK,2025-02,2
NIK,2025-03,5
NIK,2025-04,6
NIK,2025-05,3
NIK,2025-06,3
NIK,2025-07,4
NIK,2025-08,6
NIK,2025-09,5
NIK,2025-10,1
NIK,2025-11,2
NIK,2025-12,6
NIK,2026-01,6
NIK,2026-02,5
NIK,2026-03,5
NIK,2026-04,6
NIK,2026-05,1
NIK,2026-06,3
NPT,2016-07,1
NPT,2016-10,1
NPT,2017-02,1
NPT,2017-03,2
NPT,2017-04,1
NPT,2017-05,1
NPT,2017-06,1
NPT,2017-07,1
NPT,2017-08,1
NPT,2017-11,1
NPT,2017-12,2
NPT,2018-02,1
NPT,2018-04,2
NPT,2018-05,2
NPT,2018-06,4
NPT,2018-07,2
NPT,2018-08,1
NPT,2018-09,4
NPT,2018-10,1
NPT,2018-11,2
NPT,2019-01,1
NPT,2019-02,4
NPT,2019-05,3
NPT,2019-06,2
NPT,2019-07,2
NPT,2019-08,3
NPT,2019-09,2
NPT,2019-10,2
NPT,2019-11,7
NPT,2019-12,7
NPT,2020-01,1
NPT,2020-02,6
NPT,2020-03,37
NPT,2020-04,22
NPT,2020-05,8
NPT,2020-06,5
NPT,2020-07,16
NPT,2020-08,22
NPT,2020-09,21
NPT,2020-10,25
NPT,2020-11,41
NPT,2020-12,34
NPT,2021-01,12
NPT,2021-02,14
NPT,2021-03,11
NPT,2021-04,4
NPT,2021-05,9
NPT,2021-06,1
NPT,2021-07,1
NPT,2021-08,2
NPT,2021-09,2
NPT,2021-10,3
NPT,2021-11,4
NPT,2021-12,1
NPT,2022-01,1
NPT,2022-03,2
NPT,2022-04,2
NPT,2022-05,1
NPT,2022-06,2
NPT,2022-07,2
NPT,2022-08,1
NPT,2022-09,4
NPT,2022-10,1
NPT,2022-11,2
NPT,2022-12,2
NPT,2023-02,4
NPT,2023-03,6
NPT,2023-04,4
NPT,2023-05,4
NPT,2023-06,7
NPT,2023-07,6
NPT,2023-08,2
NPT,2023-09,6
NPT,2023-10,3
NPT,2023-11,4
NPT,2023-12,1
NPT,2024-01,2
NPT,2024-03,3
NPT,2024-04,2
NPT,2024-05,1
NPT,2024-06,1
NPT,2025-05,1
NPT,2025-06,135
NPT,2025-07,199
NPT,2026-01,1
NPT,2026-06,3
NPT,2026-07,1
NPT,2026-08,2
OZD,2025-10,1
