product_code,month,event_type,eligible_reports
DSP,2016-01,Death,5
DSP,2016-01,Injury,5
DSP,2016-01,Malfunction,27
DSP,2016-02,Death,1
DSP,2016-02,Injury,4
DSP,2016-02,Malfunction,25
DSP,2016-03,Death,12
DSP,2016-03,Injury,4
DSP,2016-03,Malfunction,28
DSP,2016-04,Death,4
DSP,2016-04,Injury,6
DSP,2016-04,Malfunction,17
DSP,2016-05,Death,5
DSP,2016-05,Injury,6
DSP,2016-05,Malfunction,24
DSP,2016-06,Death,6
DSP,2016-06,Injury,3
DSP,2016-06,Malfunction,34
DSP,2016-07,Death,4
DSP,2016-07,Injury,3
DSP,2016-07,Malfunction,22
DSP,2016-08,Death,5
DSP,2016-08,Injury,9
DSP,2016-08,Malfunction,30
DSP,2016-09,Death,3
DSP,2016-09,Injury,5
DSP,2016-09,Malfunction,25
DSP,2016-10,Death,6
DSP,2016-10,Injury,4
DSP,2016-10,Malfunction,20
DSP,2016-11,Death,6
DSP,2016-11,Injury,4
DSP,2016-11,Malfunction,34
DSP,2016-11,Other,1
DSP,2016-12,Death,1
DSP,2016-12,Injury,2
DSP,2016-12,Malfunction,19
DSP,2017-01,Death,5
DSP,2017-01,Injury,3
DSP,2017-01,Malfunction,24
DSP,2017-02,Death,5
DSP,2017-02,Injury,8
DSP,2017-02,Malfunction,27
DSP,2017-03,Death,11
DSP,2017-03,Injury,6
DSP,2017-03,Malfunction,19
DSP,2017-04,Death,11
DSP,2017-04,Injury,5
DSP,2017-04,Malfunction,13
DSP,2017-05,Death,10
DSP,2017-05,Injury,4
DSP,2017-05,Malfunction,27
DSP,2017-06,Death,8
DSP,2017-06,Injury,9
DSP,2017-06,Malfunction,61
DSP,2017-07,Death,6
DSP,2017-07,Injury,2
DSP,2017-07,Malfunction,271
DSP,2017-08,Death,17
DSP,2017-08,Injury,14
DSP,2017-08,Malfunction,373
DSP,2017-09,Death,13
DSP,2017-09,Injury,5
DSP,2017-09,Malfunction,252
DSP,2017-10,Death,17
DSP,2017-10,Injury,7
DSP,2017-10,Malfunction,332
DSP,2017-11,Death,14
DSP,2017-11,Injury,13
DSP,2017-11,Malfunction,283
DSP,2017-12,Death,11
DSP,2017-12,Injury,4
DSP,2017-12,Malfunction,274
DSP,2018-01,Death,14
DSP,2018-01,Injury,4
DSP,2018-01,Malfunction,236
DSP,2018-02,Death,5
DSP,2018-02,Injury,5
DSP,2018-02,Malfunction,246
DSP,2018-03,Death,17
DSP,2018-03,Injury,4
DSP,2018-03,Malfunction,318
DSP,2018-04,Death,6
DSP,2018-04,Injury,9
DSP,2018-04,Malfunction,299
DSP,2018-05,Death,8
DSP,2018-05,Injury,5
DSP,2018-05,Malfunction,268
DSP,2018-06,Death,7
DSP,2018-06,Injury,3
DSP,2018-06,Malfunction,268
DSP,2018-07,Death,1
DSP,2018-07,Injury,9
DSP,2018-07,Malfunction,249
DSP,2018-08,Death,1
DSP,2018-08,Injury,5
DSP,2018-08,Malfunction,316
DSP,2018-09,Death,1
DSP,2018-09,Injury,11
DSP,2018-09,Malfunction,226
DSP,2018-10,Death,1
DSP,2018-10,Injury,6
DSP,2018-10,Malfunction,246
DSP,2018-11,Death,9
DSP,2018-11,Injury,13
DSP,2018-11,Malfunction,261
DSP,2018-12,Death,5
DSP,2018-12,Injury,7
DSP,2018-12,Malfunction,242
DSP,2019-01,Injury,5
DSP,2019-01,Malfunction,260
DSP,2019-02,Death,6
DSP,2019-02,Injury,11
DSP,2019-02,Malfunction,244
DSP,2019-03,Death,3
DSP,2019-03,Injury,7
DSP,2019-03,Malfunction,318
DSP,2019-04,Death,2
DSP,2019-04,Injury,10
DSP,2019-04,Malfunction,350
DSP,2019-05,Death,2
DSP,2019-05,Injury,5
DSP,2019-05,Malfunction,279
DSP,2019-05,blank,1
DSP,2019-06,Death,4
DSP,2019-06,Injury,4
DSP,2019-06,Malfunction,295
DSP,2019-07,Death,10
DSP,2019-07,Injury,12
DSP,2019-07,Malfunction,241
DSP,2019-08,Death,4
DSP,2019-08,Injury,11
DSP,2019-08,Malfunction,334
DSP,2019-09,Death,2
DSP,2019-09,Injury,13
DSP,2019-09,Malfunction,250
DSP,2019-10,Death,5
DSP,2019-10,Injury,5
DSP,2019-10,Malfunction,307
DSP,2019-11,Injury,10
DSP,2019-11,Malfunction,241
DSP,2019-12,Death,3
DSP,2019-12,Injury,8
DSP,2019-12,Malfunction,290
DSP,2020-01,Death,4
DSP,2020-01,Injury,8
DSP,2020-01,Malfunction,251
DSP,2020-02,Death,3
DSP,2020-02,Injury,3
DSP,2020-02,Malfunction,274
DSP,2020-03,Death,6
DSP,2020-03,Injury,1
DSP,2020-03,Malfunction,270
DSP,2020-04,Death,2
DSP,2020-04,Injury,7
DSP,2020-04,Malfunction,249
DSP,2020-05,Injury,3
DSP,2020-05,Malfunction,166
DSP,2020-06,Death,5
DSP,2020-06,Injury,11
DSP,2020-06,Malfunction,249
DSP,2020-07,Death,3
DSP,2020-07,Injury,3
DSP,2020-07,Malfunction,293
DSP,2020-08,Death,5
DSP,2020-08,Injury,8
DSP,2020-08,Malfunction,273
DSP,2020-09,Death,9
DSP,2020-09,Injury,11
DSP,2020-09,Malfunction,288
DSP,2020-10,Death,5
DSP,2020-10,Injury,6
DSP,2020-10,Malfunction,309
DSP,2020-11,Death,9
DSP,2020-11,Injury,10
DSP,2020-11,Malfunction,318
DSP,2020-12,Death,8
DSP,2020-12,Injury,4
DSP,2020-12,Malfunction,319
DSP,2021-01,Death,2
DSP,2021-01,Injury,1
DSP,2021-01,Malfunction,255
DSP,2021-02,Death,19
DSP,2021-02,Injury,3
DSP,2021-02,Malfunction,372
DSP,2021-03,Death,4
DSP,2021-03,Injury,3
DSP,2021-03,Malfunction,320
DSP,2021-04,Death,11
DSP,2021-04,Injury,8
DSP,2021-04,Malfunction,326
DSP,2021-05,Death,3
DSP,2021-05,Injury,6
DSP,2021-05,Malfunction,308
DSP,2021-06,Death,6
DSP,2021-06,Injury,8
DSP,2021-06,Malfunction,346
DSP,2021-07,Death,2
DSP,2021-07,Injury,1
DSP,2021-07,Malfunction,344
DSP,2021-08,Death,5
DSP,2021-08,Injury,6
DSP,2021-08,Malfunction,422
DSP,2021-09,Death,2
DSP,2021-09,Injury,9
DSP,2021-09,Malfunction,342
DSP,2021-10,Death,10
DSP,2021-10,Injury,8
DSP,2021-10,Malfunction,409
DSP,2021-11,Death,3
DSP,2021-11,Injury,3
DSP,2021-11,Malfunction,382
DSP,2021-12,Death,5
DSP,2021-12,Injury,10
DSP,2021-12,Malfunction,381
DSP,2022-01,Death,3
DSP,2022-01,Injury,5
DSP,2022-01,Malfunction,282
DSP,2022-02,Injury,3
DSP,2022-02,Malfunction,347
DSP,2022-03,Death,6
DSP,2022-03,Injury,6
DSP,2022-03,Malfunction,416
DSP,2022-04,Death,2
DSP,2022-04,Injury,12
DSP,2022-04,Malfunction,403
DSP,2022-05,Death,2
DSP,2022-05,Injury,3
DSP,2022-05,Malfunction,414
DSP,2022-06,Death,6
DSP,2022-06,Injury,4
DSP,2022-06,Malfunction,403
DSP,2022-07,Death,6
DSP,2022-07,Injury,6
DSP,2022-07,Malfunction,460
DSP,2022-08,Injury,5
DSP,2022-08,Malfunction,478
DSP,2022-09,Death,3
DSP,2022-09,Injury,8
DSP,2022-09,Malfunction,387
DSP,2022-09,blank,1
DSP,2022-10,Injury,4
DSP,2022-10,Malfunction,429
DSP,2022-11,Death,5
DSP,2022-11,Injury,10
DSP,2022-11,Malfunction,426
DSP,2022-12,Death,4
DSP,2022-12,Injury,4
DSP,2022-12,Malfunction,560
DSP,2023-01,Death,9
DSP,2023-01,Injury,5
DSP,2023-01,Malfunction,953
DSP,2023-02,Death,9
DSP,2023-02,Injury,10
DSP,2023-02,Malfunction,592
DSP,2023-03,Death,8
DSP,2023-03,Injury,8
DSP,2023-03,Malfunction,536
DSP,2023-04,Death,2
DSP,2023-04,Injury,10
DSP,2023-04,Malfunction,492
DSP,2023-04,Other,1
DSP,2023-05,Death,6
DSP,2023-05,Injury,21
DSP,2023-05,Malfunction,567
DSP,2023-06,Death,2
DSP,2023-06,Injury,7
DSP,2023-06,Malfunction,577
DSP,2023-07,Death,2
DSP,2023-07,Injury,9
DSP,2023-07,Malfunction,452
DSP,2023-08,Death,10
DSP,2023-08,Injury,12
DSP,2023-08,Malfunction,544
DSP,2023-09,Death,6
DSP,2023-09,Injury,11
DSP,2023-09,Malfunction,523
DSP,2023-10,Death,3
DSP,2023-10,Injury,11
DSP,2023-10,Malfunction,471
DSP,2023-11,Death,3
DSP,2023-11,Injury,5
DSP,2023-11,Malfunction,559
DSP,2023-12,Death,1
DSP,2023-12,Injury,8
DSP,2023-12,Malfunction,535
DSP,2024-01,Injury,7
DSP,2024-01,Malfunction,530
DSP,2024-02,Death,1
DSP,2024-02,Injury,5
DSP,2024-02,Malfunction,623
DSP,2024-03,Death,3
DSP,2024-03,Injury,10
DSP,2024-03,Malfunction,571
DSP,2024-04,Death,1
DSP,2024-04,Injury,4
DSP,2024-04,Malfunction,611
DSP,2024-04,Other,2
DSP,2024-05,Death,8
DSP,2024-05,Injury,7
DSP,2024-05,Malfunction,630
DSP,2024-06,Injury,8
DSP,2024-06,Malfunction,526
DSP,2024-07,Death,4
DSP,2024-07,Injury,17
DSP,2024-07,Malfunction,599
DSP,2024-08,Death,6
DSP,2024-08,Injury,13
DSP,2024-08,Malfunction,621
DSP,2024-09,Death,4
DSP,2024-09,Injury,10
DSP,2024-09,Malfunction,596
DSP,2024-10,Death,1
DSP,2024-10,Injury,19
DSP,2024-10,Malfunction,663
DSP,2024-10,Other,1
DSP,2024-11,Death,3
DSP,2024-11,Injury,17
DSP,2024-11,Malfunction,532
DSP,2024-12,Death,7
DSP,2024-12,Injury,12
DSP,2024-12,Malfunction,647
DSP,2025-01,Death,1
DSP,2025-01,Injury,6
DSP,2025-01,Malfunction,606
DSP,2025-02,Death,4
DSP,2025-02,Injury,7
DSP,2025-02,Malfunction,550
DSP,2025-03,Death,7
DSP,2025-03,Injury,14
DSP,2025-03,Malfunction,732
DSP,2025-04,Death,3
DSP,2025-04,Injury,7
DSP,2025-04,Malfunction,668
DSP,2025-05,Death,2
DSP,2025-05,Injury,5
DSP,2025-05,Malfunction,492
DSP,2025-06,Death,3
DSP,2025-06,Injury,6
DSP,2025-06,Malfunction,515
DSP,2025-07,Death,5
DSP,2025-07,Injury,7
DSP,2025-07,Malfunction,709
DSP,2025-08,Death,2
DSP,2025-08,Injury,8
DSP,2025-08,Malfunction,497
DSP,2025-09,Death,1
DSP,2025-09,Injury,9
DSP,2025-09,Malfunction,602
DSP,2025-10,Death,5
DSP,2025-10,Injury,9
DSP,2025-10,Malfunction,626
DSP,2025-11,Death,1
DSP,2025-11,Injury,11
DSP,2025-11,Malfunction,598
DSP,2025-12,Injury,2
DSP,2025-12,Malfunction,783
DSP,2026-01,Death,11
DSP,2026-01,Injury,7
DSP,2026-01,Malfunction,1733
DSP,2026-02,Death,5
DSP,2026-02,Injury,6
DSP,2026-02,Malfunction,615
DSP,2026-03,Death,1
DSP,2026-03,Injury,8
DSP,2026-03,Malfunction,681
DSP,2026-04,Death,3
DSP,2026-04,Injury,8
DSP,2026-04,Malfunction,809
DSP,2026-05,Injury,6
DSP,2026-05,Malfunction,602
DSP,2026-06,Death,2
DSP,2026-06,Injury,4
DSP,2026-06,Malfunction,597
DSP,2026-06,Other,4
DSP,2026-07,Death,11
DSP,2026-07,Injury,13
DSP,2026-07,Malfunction,721
DSP,2026-07,Other,3
DSP,2026-08,Death,1
DSP,2026-08,Injury,15
DSP,2026-08,Malfunction,706
DSP,2026-08,Other,9
DSQ,2016-01,Death,70
DSQ,2016-01,Injury,199
DSQ,2016-01,Malfunction,415
DSQ,2016-02,Death,111
DSQ,2016-02,Injury,208
DSQ,2016-02,Malfunction,314
DSQ,2016-02,blank,1
DSQ,2016-03,Death,105
DSQ,2016-03,Injury,313
DSQ,2016-03,Malfunction,389
DSQ,2016-04,Death,88
DSQ,2016-04,Injury,315
DSQ,2016-04,Malfunction,218
DSQ,2016-05,Death,64
DSQ,2016-05,Injury,162
DSQ,2016-05,Malfunction,166
DSQ,2016-06,Death,63
DSQ,2016-06,Injury,236
DSQ,2016-06,Malfunction,334
DSQ,2016-07,Death,77
DSQ,2016-07,Injury,207
DSQ,2016-07,Malfunction,261
DSQ,2016-07,blank,2
DSQ,2016-08,Death,56
DSQ,2016-08,Injury,244
DSQ,2016-08,Malfunction,285
DSQ,2016-08,Other,1
DSQ,2016-08,blank,1
DSQ,2016-09,Death,75
DSQ,2016-09,Injury,248
DSQ,2016-09,Malfunction,218
DSQ,2016-10,Death,66
DSQ,2016-10,Injury,309
DSQ,2016-10,Malfunction,247
DSQ,2016-11,Death,68
DSQ,2016-11,Injury,325
DSQ,2016-11,Malfunction,243
DSQ,2016-12,Death,64
DSQ,2016-12,Injury,232
DSQ,2016-12,Malfunction,190
DSQ,2017-01,Death,61
DSQ,2017-01,Injury,249
DSQ,2017-01,Malfunction,222
DSQ,2017-02,Death,79
DSQ,2017-02,Injury,256
DSQ,2017-02,Malfunction,194
DSQ,2017-03,Death,88
DSQ,2017-03,Injury,289
DSQ,2017-03,Malfunction,264
DSQ,2017-04,Death,63
DSQ,2017-04,Injury,267
DSQ,2017-04,Malfunction,262
DSQ,2017-05,Death,70
DSQ,2017-05,Injury,308
DSQ,2017-05,Malfunction,269
DSQ,2017-06,Death,70
DSQ,2017-06,Injury,306
DSQ,2017-06,Malfunction,268
DSQ,2017-07,Death,69
DSQ,2017-07,Injury,276
DSQ,2017-07,Malfunction,293
DSQ,2017-08,Death,90
DSQ,2017-08,Injury,306
DSQ,2017-08,Malfunction,453
DSQ,2017-09,Death,76
DSQ,2017-09,Injury,268
DSQ,2017-09,Malfunction,378
DSQ,2017-10,Death,61
DSQ,2017-10,Injury,339
DSQ,2017-10,Malfunction,379
DSQ,2017-11,Death,104
DSQ,2017-11,Injury,399
DSQ,2017-11,Malfunction,446
DSQ,2017-12,Death,61
DSQ,2017-12,Injury,600
DSQ,2017-12,Malfunction,872
DSQ,2018-01,Death,97
DSQ,2018-01,Injury,443
DSQ,2018-01,Malfunction,333
DSQ,2018-02,Death,113
DSQ,2018-02,Injury,387
DSQ,2018-02,Malfunction,307
DSQ,2018-03,Death,91
DSQ,2018-03,Injury,356
DSQ,2018-03,Malfunction,366
DSQ,2018-04,Death,101
DSQ,2018-04,Injury,355
DSQ,2018-04,Malfunction,377
DSQ,2018-05,Death,66
DSQ,2018-05,Injury,356
DSQ,2018-05,Malfunction,447
DSQ,2018-06,Death,85
DSQ,2018-06,Injury,356
DSQ,2018-06,Malfunction,536
DSQ,2018-07,Death,96
DSQ,2018-07,Injury,400
DSQ,2018-07,Malfunction,522
DSQ,2018-08,Death,180
DSQ,2018-08,Injury,593
DSQ,2018-08,Malfunction,668
DSQ,2018-09,Death,59
DSQ,2018-09,Injury,336
DSQ,2018-09,Malfunction,445
DSQ,2018-10,Death,284
DSQ,2018-10,Injury,398
DSQ,2018-10,Malfunction,435
DSQ,2018-11,Death,68
DSQ,2018-11,Injury,1626
DSQ,2018-11,Malfunction,366
DSQ,2018-12,Death,105
DSQ,2018-12,Injury,524
DSQ,2018-12,Malfunction,383
DSQ,2019-01,Death,119
DSQ,2019-01,Injury,473
DSQ,2019-01,Malfunction,431
DSQ,2019-02,Death,403
DSQ,2019-02,Injury,3574
DSQ,2019-02,Malfunction,700
DSQ,2019-03,Death,87
DSQ,2019-03,Injury,399
DSQ,2019-03,Malfunction,365
DSQ,2019-04,Death,205
DSQ,2019-04,Injury,1490
DSQ,2019-04,Malfunction,376
DSQ,2019-05,Death,111
DSQ,2019-05,Injury,514
DSQ,2019-05,Malfunction,245
DSQ,2019-05,blank,1
DSQ,2019-06,Death,136
DSQ,2019-06,Injury,438
DSQ,2019-06,Malfunction,243
DSQ,2019-07,Death,196
DSQ,2019-07,Injury,1305
DSQ,2019-07,Malfunction,320
DSQ,2019-08,Death,116
DSQ,2019-08,Injury,514
DSQ,2019-08,Malfunction,1773
DSQ,2019-09,Death,174
DSQ,2019-09,Injury,1142
DSQ,2019-09,Malfunction,306
DSQ,2019-10,Death,143
DSQ,2019-10,Injury,493
DSQ,2019-10,Malfunction,234
DSQ,2019-11,Death,290
DSQ,2019-11,Injury,1830
DSQ,2019-11,Malfunction,288
DSQ,2019-12,Death,129
DSQ,2019-12,Injury,448
DSQ,2019-12,Malfunction,205
DSQ,2020-01,Death,120
DSQ,2020-01,Injury,465
DSQ,2020-01,Malfunction,217
DSQ,2020-02,Death,192
DSQ,2020-02,Injury,1268
DSQ,2020-02,Malfunction,358
DSQ,2020-03,Death,196
DSQ,2020-03,Injury,1195
DSQ,2020-03,Malfunction,400
DSQ,2020-03,blank,1
DSQ,2020-04,Death,186
DSQ,2020-04,Injury,372
DSQ,2020-04,Malfunction,310
DSQ,2020-05,Death,110
DSQ,2020-05,Injury,338
DSQ,2020-05,Malfunction,303
DSQ,2020-06,Death,105
DSQ,2020-06,Injury,444
DSQ,2020-06,Malfunction,389
DSQ,2020-07,Death,175
DSQ,2020-07,Injury,1223
DSQ,2020-07,Malfunction,430
DSQ,2020-08,Death,104
DSQ,2020-08,Injury,374
DSQ,2020-08,Malfunction,342
DSQ,2020-09,Death,118
DSQ,2020-09,Injury,364
DSQ,2020-09,Malfunction,369
DSQ,2020-10,Death,157
DSQ,2020-10,Injury,1073
DSQ,2020-10,Malfunction,528
DSQ,2020-11,Death,118
DSQ,2020-11,Injury,333
DSQ,2020-11,Malfunction,390
DSQ,2020-12,Death,183
DSQ,2020-12,Injury,550
DSQ,2020-12,Malfunction,439
DSQ,2021-01,Death,100
DSQ,2021-01,Injury,299
DSQ,2021-01,Malfunction,459
DSQ,2021-02,Death,181
DSQ,2021-02,Injury,1126
DSQ,2021-02,Malfunction,520
DSQ,2021-02,blank,1
DSQ,2021-03,Death,228
DSQ,2021-03,Injury,1103
DSQ,2021-03,Malfunction,618
DSQ,2021-04,Death,153
DSQ,2021-04,Injury,347
DSQ,2021-04,Malfunction,512
DSQ,2021-05,Death,110
DSQ,2021-05,Injury,308
DSQ,2021-05,Malfunction,477
DSQ,2021-06,Death,229
DSQ,2021-06,Injury,1234
DSQ,2021-06,Malfunction,554
DSQ,2021-07,Death,166
DSQ,2021-07,Injury,354
DSQ,2021-07,Malfunction,448
DSQ,2021-08,Death,423
DSQ,2021-08,Injury,365
DSQ,2021-08,Malfunction,439
DSQ,2021-09,Death,133
DSQ,2021-09,Injury,345
DSQ,2021-09,Malfunction,489
DSQ,2021-10,Death,200
DSQ,2021-10,Injury,1313
DSQ,2021-10,Malfunction,483
DSQ,2021-11,Death,180
DSQ,2021-11,Injury,448
DSQ,2021-11,Malfunction,408
DSQ,2021-12,Death,222
DSQ,2021-12,Injury,379
DSQ,2021-12,Malfunction,412
DSQ,2022-01,Death,161
DSQ,2022-01,Injury,508
DSQ,2022-01,Malfunction,391
DSQ,2022-02,Death,272
DSQ,2022-02,Injury,2151
DSQ,2022-02,Malfunction,375
DSQ,2022-03,Death,308
DSQ,2022-03,Injury,1675
DSQ,2022-03,Malfunction,529
DSQ,2022-03,No answer provided,1
DSQ,2022-04,Death,192
DSQ,2022-04,Injury,420
DSQ,2022-04,Malfunction,403
DSQ,2022-05,Death,135
DSQ,2022-05,Injury,393
DSQ,2022-05,Malfunction,392
DSQ,2022-06,Death,226
DSQ,2022-06,Injury,1079
DSQ,2022-06,Malfunction,408
DSQ,2022-07,Death,153
DSQ,2022-07,Injury,438
DSQ,2022-07,Malfunction,346
DSQ,2022-08,Death,116
DSQ,2022-08,Injury,609
DSQ,2022-08,Malfunction,404
DSQ,2022-09,Death,173
DSQ,2022-09,Injury,923
DSQ,2022-09,Malfunction,352
DSQ,2022-10,Death,136
DSQ,2022-10,Injury,303
DSQ,2022-10,Malfunction,323
DSQ,2022-11,Death,123
DSQ,2022-11,Injury,264
DSQ,2022-11,Malfunction,402
DSQ,2022-12,Death,265
DSQ,2022-12,Injury,299
DSQ,2022-12,Malfunction,346
DSQ,2023-01,Death,219
DSQ,2023-01,Injury,310
DSQ,2023-01,Malfunction,386
DSQ,2023-02,Death,276
DSQ,2023-02,Injury,742
DSQ,2023-02,Malfunction,386
DSQ,2023-03,Death,137
DSQ,2023-03,Injury,238
DSQ,2023-03,Malfunction,336
DSQ,2023-04,Death,238
DSQ,2023-04,Injury,759
DSQ,2023-04,Malfunction,348
DSQ,2023-05,Death,261
DSQ,2023-05,Injury,270
DSQ,2023-05,Malfunction,379
DSQ,2023-06,Death,568
DSQ,2023-06,Injury,299
DSQ,2023-06,Malfunction,359
DSQ,2023-07,Death,825
DSQ,2023-07,Injury,701
DSQ,2023-07,Malfunction,321
DSQ,2023-08,Death,251
DSQ,2023-08,Injury,323
DSQ,2023-08,Malfunction,433
DSQ,2023-09,Death,219
DSQ,2023-09,Injury,260
DSQ,2023-09,Malfunction,360
DSQ,2023-10,Death,176
DSQ,2023-10,Injury,757
DSQ,2023-10,Malfunction,312
DSQ,2023-11,Death,178
DSQ,2023-11,Injury,243
DSQ,2023-11,Malfunction,352
DSQ,2023-12,Death,155
DSQ,2023-12,Injury,319
DSQ,2023-12,Malfunction,359
DSQ,2024-01,Death,150
DSQ,2024-01,Injury,245
DSQ,2024-01,Malfunction,539
DSQ,2024-02,Death,209
DSQ,2024-02,Injury,685
DSQ,2024-02,Malfunction,461
DSQ,2024-03,Death,183
DSQ,2024-03,Injury,189
DSQ,2024-03,Malfunction,425
DSQ,2024-04,Death,254
DSQ,2024-04,Injury,330
DSQ,2024-04,Malfunction,641
DSQ,2024-05,Death,179
DSQ,2024-05,Injury,1511
DSQ,2024-05,Malfunction,547
DSQ,2024-06,Death,157
DSQ,2024-06,Injury,206
DSQ,2024-06,Malfunction,694
DSQ,2024-07,Death,215
DSQ,2024-07,Injury,562
DSQ,2024-07,Malfunction,481
DSQ,2024-08,Death,150
DSQ,2024-08,Injury,314
DSQ,2024-08,Malfunction,370
DSQ,2024-09,Death,162
DSQ,2024-09,Injury,261
DSQ,2024-09,Malfunction,419
DSQ,2024-10,Death,148
DSQ,2024-10,Injury,252
DSQ,2024-10,Malfunction,425
DSQ,2024-11,Death,157
DSQ,2024-11,Injury,446
DSQ,2024-11,Malfunction,365
DSQ,2024-12,Death,120
DSQ,2024-12,Injury,206
DSQ,2024-12,Malfunction,388
DSQ,2025-01,Death,228
DSQ,2025-01,Injury,298
DSQ,2025-01,Malfunction,406
DSQ,2025-02,Death,180
DSQ,2025-02,Injury,552
DSQ,2025-02,Malfunction,335
DSQ,2025-03,Death,170
DSQ,2025-03,Injury,255
DSQ,2025-03,Malfunction,322
DSQ,2025-04,Death,225
DSQ,2025-04,Injury,440
DSQ,2025-04,Malfunction,385
DSQ,2025-05,Death,132
DSQ,2025-05,Injury,242
DSQ,2025-05,Malfunction,365
DSQ,2025-06,Death,172
DSQ,2025-06,Injury,290
DSQ,2025-06,Malfunction,500
DSQ,2025-07,Death,302
DSQ,2025-07,Injury,574
DSQ,2025-07,Malfunction,501
DSQ,2025-08,Death,123
DSQ,2025-08,Injury,161
DSQ,2025-08,Malfunction,323
DSQ,2025-09,Death,148
DSQ,2025-09,Injury,206
DSQ,2025-09,Malfunction,372
DSQ,2025-10,Death,207
DSQ,2025-10,Injury,367
DSQ,2025-10,Malfunction,423
DSQ,2025-11,Death,107
DSQ,2025-11,Injury,195
DSQ,2025-11,Malfunction,315
DSQ,2025-12,Death,130
DSQ,2025-12,Injury,238
DSQ,2025-12,Malfunction,392
DSQ,2026-01,Death,134
DSQ,2026-01,Injury,211
DSQ,2026-01,Malfunction,396
DSQ,2026-02,Death,128
DSQ,2026-02,Injury,339
DSQ,2026-02,Malfunction,306
DSQ,2026-03,Death,122
DSQ,2026-03,Injury,204
DSQ,2026-03,Malfunction,410
DSQ,2026-04,Death,138
DSQ,2026-04,Injury,390
DSQ,2026-04,Malfunction,384
DSQ,2026-05,Death,117
DSQ,2026-05,Injury,208
DSQ,2026-05,Malfunction,361
DSQ,2026-06,Death,160
DSQ,2026-06,Injury,248
DSQ,2026-06,Malfunction,490
DSQ,2026-07,Death,142
DSQ,2026-07,Injury,344
DSQ,2026-07,Malfunction,347
DSQ,2026-07,Other,1
DSQ,2026-08,Death,100
DSQ,2026-08,Injury,198
DSQ,2026-08,Malfunction,348
DSQ,2026-08,Other,6
LWS,2016-01,Death,30
LWS,2016-01,Injury,577
LWS,2016-01,Malfunction,406
LWS,2016-02,Death,21
LWS,2016-02,Injury,974
LWS,2016-02,Malfunction,480
LWS,2016-03,Death,38
LWS,2016-03,Injury,161
LWS,2016-03,Malfunction,202
LWS,2016-04,Death,22
LWS,2016-04,Injury,1443
LWS,2016-04,Malfunction,722
LWS,2016-04,Other,1
LWS,2016-05,Death,26
LWS,2016-05,Injury,298
LWS,2016-05,Malfunction,231
LWS,2016-06,Death,26
LWS,2016-06,Injury,905
LWS,2016-06,Malfunction,520
LWS,2016-07,Death,26
LWS,2016-07,Injury,751
LWS,2016-07,Malfunction,469
LWS,2016-07,Other,1
LWS,2016-08,Death,23
LWS,2016-08,Injury,1025
LWS,2016-08,Malfunction,600
LWS,2016-09,Death,33
LWS,2016-09,Injury,159
LWS,2016-09,Malfunction,162
LWS,2016-10,Death,26
LWS,2016-10,Injury,1466
LWS,2016-10,Malfunction,796
LWS,2016-11,Death,37
LWS,2016-11,Injury,228
LWS,2016-11,Malfunction,178
LWS,2016-12,Death,37
LWS,2016-12,Injury,2915
LWS,2016-12,Malfunction,618
LWS,2016-12,blank,5
LWS,2017-01,Death,45
LWS,2017-01,Injury,2156
LWS,2017-01,Malfunction,407
LWS,2017-01,blank,1
LWS,2017-02,Death,23
LWS,2017-02,Injury,1405
LWS,2017-02,Malfunction,551
LWS,2017-03,Death,29
LWS,2017-03,Injury,753
LWS,2017-03,Malfunction,203
LWS,2017-04,Death,26
LWS,2017-04,Injury,1895
LWS,2017-04,Malfunction,825
LWS,2017-05,Death,27
LWS,2017-05,Injury,367
LWS,2017-05,Malfunction,194
LWS,2017-06,Death,49
LWS,2017-06,Injury,1145
LWS,2017-06,Malfunction,596
LWS,2017-07,Death,39
LWS,2017-07,Injury,843
LWS,2017-07,Malfunction,459
LWS,2017-08,Death,82
LWS,2017-08,Injury,931
LWS,2017-08,Malfunction,487
LWS,2017-08,blank,1
LWS,2017-09,Death,39
LWS,2017-09,Injury,284
LWS,2017-09,Malfunction,119
LWS,2017-10,Death,37
LWS,2017-10,Injury,1627
LWS,2017-10,Malfunction,867
LWS,2017-11,Death,44
LWS,2017-11,Injury,230
LWS,2017-11,Malfunction,168
LWS,2017-12,Death,26
LWS,2017-12,Injury,951
LWS,2017-12,Malfunction,523
LWS,2018-01,Death,27
LWS,2018-01,Injury,1019
LWS,2018-01,Malfunction,501
LWS,2018-02,Death,26
LWS,2018-02,Injury,894
LWS,2018-02,Malfunction,458
LWS,2018-03,Death,42
LWS,2018-03,Injury,821
LWS,2018-03,Malfunction,345
LWS,2018-04,Death,35
LWS,2018-04,Injury,1843
LWS,2018-04,Malfunction,1044
LWS,2018-05,Death,37
LWS,2018-05,Injury,526
LWS,2018-05,Malfunction,338
LWS,2018-06,Death,27
LWS,2018-06,Injury,1135
LWS,2018-06,Malfunction,592
LWS,2018-07,Death,28
LWS,2018-07,Injury,772
LWS,2018-07,Malfunction,428
LWS,2018-08,Death,34
LWS,2018-08,Injury,637
LWS,2018-08,Malfunction,443
LWS,2018-09,Death,25
LWS,2018-09,Injury,481
LWS,2018-09,Malfunction,306
LWS,2018-10,Death,26
LWS,2018-10,Injury,1312
LWS,2018-10,Malfunction,707
LWS,2018-11,Death,30
LWS,2018-11,Injury,767
LWS,2018-11,Malfunction,494
LWS,2018-11,blank,2
LWS,2018-12,Death,23
LWS,2018-12,Injury,606
LWS,2018-12,Malfunction,397
LWS,2019-01,Death,25
LWS,2019-01,Injury,830
LWS,2019-01,Malfunction,462
LWS,2019-02,Death,26
LWS,2019-02,Injury,855
LWS,2019-02,Malfunction,521
LWS,2019-03,Death,18
LWS,2019-03,Injury,579
LWS,2019-03,Malfunction,443
LWS,2019-04,Death,26
LWS,2019-04,Injury,1119
LWS,2019-04,Malfunction,566
LWS,2019-05,Death,23
LWS,2019-05,Injury,845
LWS,2019-05,Malfunction,461
LWS,2019-06,Death,15
LWS,2019-06,Injury,854
LWS,2019-06,Malfunction,446
LWS,2019-07,Death,14
LWS,2019-07,Injury,986
LWS,2019-07,Malfunction,529
LWS,2019-08,Death,27
LWS,2019-08,Injury,933
LWS,2019-08,Malfunction,511
LWS,2019-09,Death,31
LWS,2019-09,Injury,818
LWS,2019-09,Malfunction,410
LWS,2019-10,Death,26
LWS,2019-10,Injury,1054
LWS,2019-10,Malfunction,599
LWS,2019-11,Death,27
LWS,2019-11,Injury,742
LWS,2019-11,Malfunction,362
LWS,2019-12,Death,21
LWS,2019-12,Injury,659
LWS,2019-12,Malfunction,320
LWS,2020-01,Death,36
LWS,2020-01,Injury,1466
LWS,2020-01,Malfunction,678
LWS,2020-02,Death,17
LWS,2020-02,Injury,646
LWS,2020-02,Malfunction,355
LWS,2020-03,Death,18
LWS,2020-03,Injury,635
LWS,2020-03,Malfunction,392
LWS,2020-04,Death,7
LWS,2020-04,Injury,1470
LWS,2020-04,Malfunction,633
LWS,2020-05,Death,12
LWS,2020-05,Injury,637
LWS,2020-05,Malfunction,341
LWS,2020-06,Death,11
LWS,2020-06,Injury,569
LWS,2020-06,Malfunction,302
LWS,2020-07,Death,13
LWS,2020-07,Injury,1448
LWS,2020-07,Malfunction,765
LWS,2020-08,Death,17
LWS,2020-08,Injury,591
LWS,2020-08,Malfunction,326
LWS,2020-09,Death,9
LWS,2020-09,Injury,607
LWS,2020-09,Malfunction,470
LWS,2020-10,Death,22
LWS,2020-10,Injury,1415
LWS,2020-10,Malfunction,758
LWS,2020-11,Death,16
LWS,2020-11,Injury,763
LWS,2020-11,Malfunction,394
LWS,2020-12,Death,15
LWS,2020-12,Injury,657
LWS,2020-12,Malfunction,396
LWS,2021-01,Death,11
LWS,2021-01,Injury,1832
LWS,2021-01,Malfunction,781
LWS,2021-02,Death,13
LWS,2021-02,Injury,888
LWS,2021-02,Malfunction,470
LWS,2021-03,Death,19
LWS,2021-03,Injury,596
LWS,2021-03,Malfunction,383
LWS,2021-04,Death,11
LWS,2021-04,Injury,1652
LWS,2021-04,Malfunction,694
LWS,2021-05,Death,14
LWS,2021-05,Injury,903
LWS,2021-05,Malfunction,473
LWS,2021-06,Death,13
LWS,2021-06,Injury,656
LWS,2021-06,Malfunction,478
LWS,2021-07,Death,8
LWS,2021-07,Injury,1774
LWS,2021-07,Malfunction,733
LWS,2021-08,Death,12
LWS,2021-08,Injury,736
LWS,2021-08,Malfunction,373
LWS,2021-09,Death,12
LWS,2021-09,Injury,766
LWS,2021-09,Malfunction,484
LWS,2021-09,blank,1
LWS,2021-10,Death,16
LWS,2021-10,Injury,1831
LWS,2021-10,Malfunction,674
LWS,2021-11,Death,11
LWS,2021-11,Injury,732
LWS,2021-11,Malfunction,451
LWS,2021-12,Death,11
LWS,2021-12,Injury,662
LWS,2021-12,Malfunction,478
LWS,2022-01,Death,11
LWS,2022-01,Injury,1911
LWS,2022-01,Malfunction,762
LWS,2022-02,Death,14
LWS,2022-02,Injury,792
LWS,2022-02,Malfunction,458
LWS,2022-03,Death,16
LWS,2022-03,Injury,712
LWS,2022-03,Malfunction,600
LWS,2022-04,Death,7
LWS,2022-04,Injury,2118
LWS,2022-04,Malfunction,827
LWS,2022-05,Death,16
LWS,2022-05,Injury,1509
LWS,2022-05,Malfunction,662
LWS,2022-06,Death,19
LWS,2022-06,Injury,1464
LWS,2022-06,Malfunction,711
LWS,2022-07,Death,7
LWS,2022-07,Injury,1143
LWS,2022-07,Malfunction,530
LWS,2022-08,Death,7
LWS,2022-08,Injury,1151
LWS,2022-08,Malfunction,581
LWS,2022-09,Death,13
LWS,2022-09,Injury,1175
LWS,2022-09,Malfunction,576
LWS,2022-10,Death,20
LWS,2022-10,Injury,1261
LWS,2022-10,Malfunction,663
LWS,2022-11,Death,26
LWS,2022-11,Injury,1292
LWS,2022-11,Malfunction,604
LWS,2022-12,Death,21
LWS,2022-12,Injury,1146
LWS,2022-12,Malfunction,628
LWS,2023-01,Death,22
LWS,2023-01,Injury,1289
LWS,2023-01,Malfunction,692
LWS,2023-02,Death,24
LWS,2023-02,Injury,1210
LWS,2023-02,Malfunction,641
LWS,2023-03,Death,22
LWS,2023-03,Injury,1264
LWS,2023-03,Malfunction,746
LWS,2023-04,Death,15
LWS,2023-04,Injury,1161
LWS,2023-04,Malfunction,705
LWS,2023-05,Death,15
LWS,2023-05,Injury,1352
LWS,2023-05,Malfunction,807
LWS,2023-06,Death,21
LWS,2023-06,Injury,1362
LWS,2023-06,Malfunction,815
LWS,2023-07,Death,24
LWS,2023-07,Injury,1278
LWS,2023-07,Malfunction,780
LWS,2023-07,Other,3
LWS,2023-08,Death,40
LWS,2023-08,Injury,1947
LWS,2023-08,Malfunction,3704
LWS,2023-09,Death,17
LWS,2023-09,Injury,1285
LWS,2023-09,Malfunction,799
LWS,2023-10,Death,24
LWS,2023-10,Injury,1448
LWS,2023-10,Malfunction,864
LWS,2023-10,Other,3
LWS,2023-11,Death,23
LWS,2023-11,Injury,1378
LWS,2023-11,Malfunction,914
LWS,2023-12,Death,23
LWS,2023-12,Injury,1190
LWS,2023-12,Malfunction,796
LWS,2024-01,Death,26
LWS,2024-01,Injury,1274
LWS,2024-01,Malfunction,829
LWS,2024-02,Death,25
LWS,2024-02,Injury,1269
LWS,2024-02,Malfunction,852
LWS,2024-03,Death,27
LWS,2024-03,Injury,1269
LWS,2024-03,Malfunction,838
LWS,2024-04,Death,24
LWS,2024-04,Injury,1352
LWS,2024-04,Malfunction,860
LWS,2024-05,Death,22
LWS,2024-05,Injury,1287
LWS,2024-05,Malfunction,807
LWS,2024-06,Death,19
LWS,2024-06,Injury,1261
LWS,2024-06,Malfunction,842
LWS,2024-07,Death,22
LWS,2024-07,Injury,1293
LWS,2024-07,Malfunction,828
LWS,2024-08,Death,21
LWS,2024-08,Injury,1152
LWS,2024-08,Malfunction,790
LWS,2024-09,Death,11
LWS,2024-09,Injury,1202
LWS,2024-09,Malfunction,730
LWS,2024-10,Death,36
LWS,2024-10,Injury,1288
LWS,2024-10,Malfunction,934
LWS,2024-11,Death,13
LWS,2024-11,Injury,1091
LWS,2024-11,Malfunction,735
LWS,2024-12,Death,28
LWS,2024-12,Injury,1275
LWS,2024-12,Malfunction,871
LWS,2025-01,Death,18
LWS,2025-01,Injury,1238
LWS,2025-01,Malfunction,902
LWS,2025-01,Other,1
LWS,2025-02,Death,15
LWS,2025-02,Injury,1025
LWS,2025-02,Malfunction,726
LWS,2025-02,Other,2
LWS,2025-03,Death,22
LWS,2025-03,Injury,1042
LWS,2025-03,Malfunction,809
LWS,2025-04,Death,24
LWS,2025-04,Injury,1156
LWS,2025-04,Malfunction,976
LWS,2025-05,Death,21
LWS,2025-05,Injury,1166
LWS,2025-05,Malfunction,721
LWS,2025-06,Death,23
LWS,2025-06,Injury,1099
LWS,2025-06,Malfunction,811
LWS,2025-07,Death,29
LWS,2025-07,Injury,1296
LWS,2025-07,Malfunction,1363
LWS,2025-08,Death,16
LWS,2025-08,Injury,1171
LWS,2025-08,Malfunction,858
LWS,2025-09,Death,23
LWS,2025-09,Injury,1185
LWS,2025-09,Malfunction,855
LWS,2025-10,Death,27
LWS,2025-10,Injury,1322
LWS,2025-10,Malfunction,867
LWS,2025-10,Other,2
LWS,2025-11,Death,19
LWS,2025-11,Injury,1077
LWS,2025-11,Malfunction,759
LWS,2025-12,Death,20
LWS,2025-12,Injury,1000
LWS,2025-12,Malfunction,943
LWS,2026-01,Death,18
LWS,2026-01,Injury,1030
LWS,2026-01,Malfunction,741
LWS,2026-02,Death,26
LWS,2026-02,Injury,1220
LWS,2026-02,Malfunction,863
LWS,2026-03,Death,16
LWS,2026-03,Injury,1102
LWS,2026-03,Malfunction,870
LWS,2026-04,Death,14
LWS,2026-04,Injury,1053
LWS,2026-04,Malfunction,834
LWS,2026-05,Death,18
LWS,2026-05,Injury,1084
LWS,2026-05,Malfunction,839
LWS,2026-06,Death,23
LWS,2026-06,Injury,1072
LWS,2026-06,Malfunction,964
LWS,2026-07,Death,13
LWS,2026-07,Injury,1104
LWS,2026-07,Malfunction,1043
LWS,2026-07,Other,1
LWS,2026-08,Death,6
LWS,2026-08,Injury,825
LWS,2026-08,Malfunction,774
LWS,2026-08,Other,1
NIK,2016-01,Death,16
NIK,2016-01,Injury,241
NIK,2016-01,Malfunction,277
NIK,2016-02,Death,23
NIK,2016-02,Injury,451
NIK,2016-02,Malfunction,281
NIK,2016-02,blank,1
NIK,2016-03,Death,31
NIK,2016-03,Injury,87
NIK,2016-03,Malfunction,219
NIK,2016-04,Death,23
NIK,2016-04,Injury,529
NIK,2016-04,Malfunction,416
NIK,2016-05,Death,22
NIK,2016-05,Injury,108
NIK,2016-05,Malfunction,226
NIK,2016-06,Death,27
NIK,2016-06,Injury,398
NIK,2016-06,Malfunction,359
NIK,2016-07,Death,19
NIK,2016-07,Injury,220
NIK,2016-07,Malfunction,288
NIK,2016-08,Death,15
NIK,2016-08,Injury,423
NIK,2016-08,Malfunction,419
NIK,2016-09,Death,20
NIK,2016-09,Injury,91
NIK,2016-09,Malfunction,219
NIK,2016-10,Death,24
NIK,2016-10,Injury,517
NIK,2016-10,Malfunction,449
NIK,2016-11,Death,26
NIK,2016-11,Injury,152
NIK,2016-11,Malfunction,241
NIK,2016-12,Death,30
NIK,2016-12,Injury,5882
NIK,2016-12,Malfunction,480
NIK,2016-12,blank,5
NIK,2017-01,Death,53
NIK,2017-01,Injury,3874
NIK,2017-01,Malfunction,319
NIK,2017-01,blank,4
NIK,2017-02,Death,37
NIK,2017-02,Injury,1632
NIK,2017-02,Malfunction,442
NIK,2017-03,Death,41
NIK,2017-03,Injury,1457
NIK,2017-03,Malfunction,292
NIK,2017-04,Death,41
NIK,2017-04,Injury,1315
NIK,2017-04,Malfunction,538
NIK,2017-05,Death,23
NIK,2017-05,Injury,436
NIK,2017-05,Malfunction,285
NIK,2017-06,Death,56
NIK,2017-06,Injury,556
NIK,2017-06,Malfunction,512
NIK,2017-07,Death,36
NIK,2017-07,Injury,421
NIK,2017-07,Malfunction,352
NIK,2017-07,blank,1
NIK,2017-08,Death,34
NIK,2017-08,Injury,363
NIK,2017-08,Malfunction,335
NIK,2017-09,Death,29
NIK,2017-09,Injury,259
NIK,2017-09,Malfunction,190
NIK,2017-10,Death,22
NIK,2017-10,Injury,603
NIK,2017-10,Malfunction,490
NIK,2017-11,Death,38
NIK,2017-11,Injury,200
NIK,2017-11,Malfunction,209
NIK,2017-12,Death,29
NIK,2017-12,Injury,340
NIK,2017-12,Malfunction,401
NIK,2018-01,Death,36
NIK,2018-01,Injury,425
NIK,2018-01,Malfunction,374
NIK,2018-02,Death,21
NIK,2018-02,Injury,308
NIK,2018-02,Malfunction,337
NIK,2018-03,Death,23
NIK,2018-03,Injury,389
NIK,2018-03,Malfunction,321
NIK,2018-04,Death,21
NIK,2018-04,Injury,574
NIK,2018-04,Malfunction,535
NIK,2018-05,Death,20
NIK,2018-05,Injury,294
NIK,2018-05,Malfunction,245
NIK,2018-06,Death,23
NIK,2018-06,Injury,386
NIK,2018-06,Malfunction,315
NIK,2018-07,Death,15
NIK,2018-07,Injury,301
NIK,2018-07,Malfunction,264
NIK,2018-08,Death,26
NIK,2018-08,Injury,338
NIK,2018-08,Malfunction,353
NIK,2018-09,Death,18
NIK,2018-09,Injury,180
NIK,2018-09,Malfunction,201
NIK,2018-10,Death,14
NIK,2018-10,Injury,491
NIK,2018-10,Malfunction,395
NIK,2018-11,Death,25
NIK,2018-11,Injury,273
NIK,2018-11,Malfunction,255
NIK,2018-12,Death,9
NIK,2018-12,Injury,282
NIK,2018-12,Malfunction,261
NIK,2019-01,Death,11
NIK,2019-01,Injury,292
NIK,2019-01,Malfunction,267
NIK,2019-02,Death,8
NIK,2019-02,Injury,318
NIK,2019-02,Malfunction,304
NIK,2019-03,Death,13
NIK,2019-03,Injury,239
NIK,2019-03,Malfunction,288
NIK,2019-04,Death,16
NIK,2019-04,Injury,342
NIK,2019-04,Malfunction,325
NIK,2019-05,Death,16
NIK,2019-05,Injury,253
NIK,2019-05,Malfunction,251
NIK,2019-06,Death,7
NIK,2019-06,Injury,270
NIK,2019-06,Malfunction,257
NIK,2019-07,Death,15
NIK,2019-07,Injury,305
NIK,2019-07,Malfunction,249
NIK,2019-08,Death,18
NIK,2019-08,Injury,320
NIK,2019-08,Malfunction,265
NIK,2019-09,Death,16
NIK,2019-09,Injury,272
NIK,2019-09,Malfunction,241
NIK,2019-10,Death,21
NIK,2019-10,Injury,331
NIK,2019-10,Malfunction,306
NIK,2019-11,Death,23
NIK,2019-11,Injury,358
NIK,2019-11,Malfunction,329
NIK,2019-12,Death,23
NIK,2019-12,Injury,293
NIK,2019-12,Malfunction,404
NIK,2020-01,Death,30
NIK,2020-01,Injury,437
NIK,2020-01,Malfunction,449
NIK,2020-02,Death,21
NIK,2020-02,Injury,311
NIK,2020-02,Malfunction,386
NIK,2020-03,Death,23
NIK,2020-03,Injury,353
NIK,2020-03,Malfunction,438
NIK,2020-04,Death,26
NIK,2020-04,Injury,422
NIK,2020-04,Malfunction,363
NIK,2020-05,Death,12
NIK,2020-05,Injury,237
NIK,2020-05,Malfunction,324
NIK,2020-06,Death,19
NIK,2020-06,Injury,278
NIK,2020-06,Malfunction,379
NIK,2020-07,Death,11
NIK,2020-07,Injury,417
NIK,2020-07,Malfunction,487
NIK,2020-08,Death,17
NIK,2020-08,Injury,284
NIK,2020-08,Malfunction,413
NIK,2020-09,Death,7
NIK,2020-09,Injury,340
NIK,2020-09,Malfunction,407
NIK,2020-10,Death,20
NIK,2020-10,Injury,446
NIK,2020-10,Malfunction,541
NIK,2020-11,Death,11
NIK,2020-11,Injury,370
NIK,2020-11,Malfunction,441
NIK,2020-12,Death,11
NIK,2020-12,Injury,322
NIK,2020-12,Malfunction,556
NIK,2021-01,Death,9
NIK,2021-01,Injury,415
NIK,2021-01,Malfunction,487
NIK,2021-02,Death,19
NIK,2021-02,Injury,273
NIK,2021-02,Malfunction,522
NIK,2021-03,Death,26
NIK,2021-03,Injury,320
NIK,2021-03,Malfunction,535
NIK,2021-03,blank,1
NIK,2021-04,Death,16
NIK,2021-04,Injury,397
NIK,2021-04,Malfunction,563
NIK,2021-05,Death,15
NIK,2021-05,Injury,337
NIK,2021-05,Malfunction,532
NIK,2021-06,Death,13
NIK,2021-06,Injury,327
NIK,2021-06,Malfunction,544
NIK,2021-07,Death,11
NIK,2021-07,Injury,418
NIK,2021-07,Malfunction,552
NIK,2021-08,Death,10
NIK,2021-08,Injury,337
NIK,2021-08,Malfunction,391
NIK,2021-09,Death,9
NIK,2021-09,Injury,273
NIK,2021-09,Malfunction,419
NIK,2021-10,Death,15
NIK,2021-10,Injury,403
NIK,2021-10,Malfunction,479
NIK,2021-11,Death,6
NIK,2021-11,Injury,304
NIK,2021-11,Malfunction,413
NIK,2021-12,Death,11
NIK,2021-12,Injury,287
NIK,2021-12,Malfunction,445
NIK,2022-01,Death,11
NIK,2022-01,Injury,363
NIK,2022-01,Malfunction,464
NIK,2022-02,Death,11
NIK,2022-02,Injury,251
NIK,2022-02,Malfunction,389
NIK,2022-03,Death,12
NIK,2022-03,Injury,256
NIK,2022-03,Malfunction,498
NIK,2022-04,Death,11
NIK,2022-04,Injury,395
NIK,2022-04,Malfunction,559
NIK,2022-05,Death,4
NIK,2022-05,Injury,372
NIK,2022-05,Malfunction,542
NIK,2022-06,Death,13
NIK,2022-06,Injury,351
NIK,2022-06,Malfunction,560
NIK,2022-07,Death,8
NIK,2022-07,Injury,339
NIK,2022-07,Malfunction,1027
NIK,2022-08,Death,9
NIK,2022-08,Injury,443
NIK,2022-08,Malfunction,551
NIK,2022-09,Death,10
NIK,2022-09,Injury,304
NIK,2022-09,Malfunction,445
NIK,2022-10,Death,10
NIK,2022-10,Injury,311
NIK,2022-10,Malfunction,514
NIK,2022-11,Death,11
NIK,2022-11,Injury,330
NIK,2022-11,Malfunction,490
NIK,2022-12,Death,15
NIK,2022-12,Injury,300
NIK,2022-12,Malfunction,467
NIK,2023-01,Death,15
NIK,2023-01,Injury,331
NIK,2023-01,Malfunction,488
NIK,2023-02,Death,15
NIK,2023-02,Injury,311
NIK,2023-02,Malfunction,528
NIK,2023-03,Death,14
NIK,2023-03,Injury,344
NIK,2023-03,Malfunction,634
NIK,2023-04,Death,11
NIK,2023-04,Injury,338
NIK,2023-04,Malfunction,530
NIK,2023-05,Death,12
NIK,2023-05,Injury,332
NIK,2023-05,Malfunction,619
NIK,2023-06,Death,14
NIK,2023-06,Injury,346
NIK,2023-06,Malfunction,606
NIK,2023-07,Death,21
NIK,2023-07,Injury,341
NIK,2023-07,Malfunction,538
NIK,2023-08,Death,24
NIK,2023-08,Injury,593
NIK,2023-08,Malfunction,1144
NIK,2023-09,Death,21
NIK,2023-09,Injury,354
NIK,2023-09,Malfunction,521
NIK,2023-10,Death,18
NIK,2023-10,Injury,401
NIK,2023-10,Malfunction,591
NIK,2023-11,Death,16
NIK,2023-11,Injury,347
NIK,2023-11,Malfunction,601
NIK,2023-12,Death,15
NIK,2023-12,Injury,318
NIK,2023-12,Malfunction,545
NIK,2024-01,Death,12
NIK,2024-01,Injury,344
NIK,2024-01,Malfunction,617
NIK,2024-02,Death,11
NIK,2024-02,Injury,353
NIK,2024-02,Malfunction,640
NIK,2024-03,Death,15
NIK,2024-03,Injury,364
NIK,2024-03,Malfunction,582
NIK,2024-04,Death,14
NIK,2024-04,Injury,347
NIK,2024-04,Malfunction,657
NIK,2024-05,Death,12
NIK,2024-05,Injury,395
NIK,2024-05,Malfunction,663
NIK,2024-06,Death,10
NIK,2024-06,Injury,366
NIK,2024-06,Malfunction,569
NIK,2024-07,Death,7
NIK,2024-07,Injury,345
NIK,2024-07,Malfunction,600
NIK,2024-08,Death,20
NIK,2024-08,Injury,387
NIK,2024-08,Malfunction,600
NIK,2024-09,Death,7
NIK,2024-09,Injury,333
NIK,2024-09,Malfunction,479
NIK,2024-10,Death,11
NIK,2024-10,Injury,379
NIK,2024-10,Malfunction,624
NIK,2024-11,Death,9
NIK,2024-11,Injury,350
NIK,2024-11,Malfunction,567
NIK,2024-12,Death,9
NIK,2024-12,Injury,403
NIK,2024-12,Malfunction,597
NIK,2025-01,Death,13
NIK,2025-01,Injury,386
NIK,2025-01,Malfunction,532
NIK,2025-02,Death,13
NIK,2025-02,Injury,357
NIK,2025-02,Malfunction,551
NIK,2025-03,Death,14
NIK,2025-03,Injury,322
NIK,2025-03,Malfunction,599
NIK,2025-04,Death,22
NIK,2025-04,Injury,401
NIK,2025-04,Malfunction,648
NIK,2025-05,Death,8
NIK,2025-05,Injury,353
NIK,2025-05,Malfunction,562
NIK,2025-06,Death,14
NIK,2025-06,Injury,339
NIK,2025-06,Malfunction,498
NIK,2025-07,Death,20
NIK,2025-07,Injury,390
NIK,2025-07,Malfunction,504
NIK,2025-08,Death,17
NIK,2025-08,Injury,312
NIK,2025-08,Malfunction,528
NIK,2025-09,Death,7
NIK,2025-09,Injury,335
NIK,2025-09,Malfunction,528
NIK,2025-10,Death,18
NIK,2025-10,Injury,387
NIK,2025-10,Malfunction,540
NIK,2025-11,Death,24
NIK,2025-11,Injury,366
NIK,2025-11,Malfunction,492
NIK,2025-12,Death,10
NIK,2025-12,Injury,348
NIK,2025-12,Malfunction,556
NIK,2026-01,Death,12
NIK,2026-01,Injury,319
NIK,2026-01,Malfunction,522
NIK,2026-02,Death,17
NIK,2026-02,Injury,367
NIK,2026-02,Malfunction,564
NIK,2026-03,Death,12
NIK,2026-03,Injury,370
NIK,2026-03,Malfunction,597
NIK,2026-04,Death,15
NIK,2026-04,Injury,342
NIK,2026-04,Malfunction,518
NIK,2026-05,Death,16
NIK,2026-05,Injury,341
NIK,2026-05,Malfunction,564
NIK,2026-06,Death,19
NIK,2026-06,Injury,364
NIK,2026-06,Malfunction,549
NIK,2026-07,Death,7
NIK,2026-07,Injury,338
NIK,2026-07,Malfunction,567
NIK,2026-08,Death,15
NIK,2026-08,Injury,316
NIK,2026-08,Malfunction,495
NIK,2026-08,Other,5
NPT,2016-01,Death,12
NPT,2016-01,Injury,179
NPT,2016-01,Malfunction,23
NPT,2016-02,Death,16
NPT,2016-02,Injury,207
NPT,2016-02,Malfunction,25
NPT,2016-03,Death,18
NPT,2016-03,Injury,235
NPT,2016-03,Malfunction,36
NPT,2016-04,Death,30
NPT,2016-04,Injury,378
NPT,2016-04,Malfunction,47
NPT,2016-05,Death,20
NPT,2016-05,Injury,187
NPT,2016-05,Malfunction,33
NPT,2016-06,Death,13
NPT,2016-06,Injury,174
NPT,2016-06,Malfunction,40
NPT,2016-07,Death,13
NPT,2016-07,Injury,166
NPT,2016-07,Malfunction,35
NPT,2016-08,Death,16
NPT,2016-08,Injury,168
NPT,2016-08,Malfunction,27
NPT,2016-09,Death,15
NPT,2016-09,Injury,149
NPT,2016-09,Malfunction,19
NPT,2016-10,Death,21
NPT,2016-10,Injury,172
NPT,2016-10,Malfunction,22
NPT,2016-11,Death,24
NPT,2016-11,Injury,198
NPT,2016-11,Malfunction,11
NPT,2016-12,Death,14
NPT,2016-12,Injury,225
NPT,2016-12,Malfunction,27
NPT,2017-01,Death,12
NPT,2017-01,Injury,196
NPT,2017-01,Malfunction,19
NPT,2017-02,Death,8
NPT,2017-02,Injury,201
NPT,2017-02,Malfunction,20
NPT,2017-03,Death,12
NPT,2017-03,Injury,203
NPT,2017-03,Malfunction,29
NPT,2017-04,Death,18
NPT,2017-04,Injury,238
NPT,2017-04,Malfunction,24
NPT,2017-05,Death,23
NPT,2017-05,Injury,215
NPT,2017-05,Malfunction,19
NPT,2017-06,Death,16
NPT,2017-06,Injury,186
NPT,2017-06,Malfunction,34
NPT,2017-07,Death,19
NPT,2017-07,Injury,169
NPT,2017-07,Malfunction,21
NPT,2017-08,Death,18
NPT,2017-08,Injury,241
NPT,2017-08,Malfunction,34
NPT,2017-09,Death,10
NPT,2017-09,Injury,188
NPT,2017-09,Malfunction,11
NPT,2017-10,Death,22
NPT,2017-10,Injury,236
NPT,2017-10,Malfunction,39
NPT,2017-11,Death,23
NPT,2017-11,Injury,280
NPT,2017-11,Malfunction,27
NPT,2017-12,Death,18
NPT,2017-12,Injury,246
NPT,2017-12,Malfunction,40
NPT,2018-01,Death,20
NPT,2018-01,Injury,221
NPT,2018-01,Malfunction,20
NPT,2018-02,Death,25
NPT,2018-02,Injury,180
NPT,2018-02,Malfunction,34
NPT,2018-03,Death,32
NPT,2018-03,Injury,290
NPT,2018-03,Malfunction,49
NPT,2018-04,Death,18
NPT,2018-04,Injury,224
NPT,2018-04,Malfunction,39
NPT,2018-05,Death,31
NPT,2018-05,Injury,275
NPT,2018-05,Malfunction,51
NPT,2018-06,Death,32
NPT,2018-06,Injury,257
NPT,2018-06,Malfunction,57
NPT,2018-07,Death,24
NPT,2018-07,Injury,328
NPT,2018-07,Malfunction,39
NPT,2018-08,Death,22
NPT,2018-08,Injury,323
NPT,2018-08,Malfunction,44
NPT,2018-09,Death,27
NPT,2018-09,Injury,194
NPT,2018-09,Malfunction,28
NPT,2018-10,Death,22
NPT,2018-10,Injury,276
NPT,2018-10,Malfunction,35
NPT,2018-11,Death,17
NPT,2018-11,Injury,300
NPT,2018-11,Malfunction,41
NPT,2018-12,Death,27
NPT,2018-12,Injury,284
NPT,2018-12,Malfunction,30
NPT,2019-01,Death,12
NPT,2019-01,Injury,331
NPT,2019-01,Malfunction,37
NPT,2019-02,Death,16
NPT,2019-02,Injury,295
NPT,2019-02,Malfunction,38
NPT,2019-03,Death,16
NPT,2019-03,Injury,297
NPT,2019-03,Malfunction,40
NPT,2019-04,Death,22
NPT,2019-04,Injury,281
NPT,2019-04,Malfunction,53
NPT,2019-05,Death,30
NPT,2019-05,Injury,303
NPT,2019-05,Malfunction,36
NPT,2019-06,Death,18
NPT,2019-06,Injury,266
NPT,2019-06,Malfunction,45
NPT,2019-07,Death,22
NPT,2019-07,Injury,335
NPT,2019-07,Malfunction,38
NPT,2019-08,Death,27
NPT,2019-08,Injury,257
NPT,2019-08,Malfunction,50
NPT,2019-09,Death,22
NPT,2019-09,Injury,247
NPT,2019-09,Malfunction,35
NPT,2019-10,Death,44
NPT,2019-10,Injury,312
NPT,2019-10,Malfunction,37
NPT,2019-10,blank,1
NPT,2019-11,Death,35
NPT,2019-11,Injury,292
NPT,2019-11,Malfunction,30
NPT,2019-12,Death,40
NPT,2019-12,Injury,362
NPT,2019-12,Malfunction,39
NPT,2020-01,Death,35
NPT,2020-01,Injury,374
NPT,2020-01,Malfunction,33
NPT,2020-02,Death,43
NPT,2020-02,Injury,344
NPT,2020-02,Malfunction,39
NPT,2020-03,Death,52
NPT,2020-03,Injury,451
NPT,2020-03,Malfunction,88
NPT,2020-04,Death,104
NPT,2020-04,Injury,583
NPT,2020-04,Malfunction,53
NPT,2020-05,Death,20
NPT,2020-05,Injury,210
NPT,2020-05,Malfunction,42
NPT,2020-06,Death,54
NPT,2020-06,Injury,318
NPT,2020-06,Malfunction,56
NPT,2020-07,Death,104
NPT,2020-07,Injury,453
NPT,2020-07,Malfunction,50
NPT,2020-08,Death,35
NPT,2020-08,Injury,289
NPT,2020-08,Malfunction,63
NPT,2020-09,Death,33
NPT,2020-09,Injury,293
NPT,2020-09,Malfunction,59
NPT,2020-10,Death,65
NPT,2020-10,Injury,413
NPT,2020-10,Malfunction,78
NPT,2020-11,Death,73
NPT,2020-11,Injury,367
NPT,2020-11,Malfunction,54
NPT,2020-12,Death,57
NPT,2020-12,Injury,370
NPT,2020-12,Malfunction,51
NPT,2021-01,Death,57
NPT,2021-01,Injury,321
NPT,2021-01,Malfunction,45
NPT,2021-02,Death,81
NPT,2021-02,Injury,379
NPT,2021-02,Malfunction,47
NPT,2021-03,Death,49
NPT,2021-03,Injury,385
NPT,2021-03,Malfunction,79
NPT,2021-04,Death,92
NPT,2021-04,Injury,455
NPT,2021-04,Malfunction,67
NPT,2021-05,Death,46
NPT,2021-05,Injury,363
NPT,2021-05,Malfunction,57
NPT,2021-06,Death,82
NPT,2021-06,Injury,366
NPT,2021-06,Malfunction,61
NPT,2021-07,Death,71
NPT,2021-07,Injury,382
NPT,2021-07,Malfunction,67
NPT,2021-08,Death,24
NPT,2021-08,Injury,257
NPT,2021-08,Malfunction,43
NPT,2021-09,Death,24
NPT,2021-09,Injury,285
NPT,2021-09,Malfunction,43
NPT,2021-10,Death,107
NPT,2021-10,Injury,456
NPT,2021-10,Malfunction,37
NPT,2021-11,Death,38
NPT,2021-11,Injury,329
NPT,2021-11,Malfunction,43
NPT,2021-12,Death,41
NPT,2021-12,Injury,293
NPT,2021-12,Malfunction,32
NPT,2022-01,Death,76
NPT,2022-01,Injury,362
NPT,2022-01,Malfunction,23
NPT,2022-02,Death,39
NPT,2022-02,Injury,303
NPT,2022-02,Malfunction,37
NPT,2022-03,Death,41
NPT,2022-03,Injury,368
NPT,2022-03,Malfunction,37
NPT,2022-04,Death,96
NPT,2022-04,Injury,505
NPT,2022-04,Malfunction,41
NPT,2022-05,Death,38
NPT,2022-05,Injury,334
NPT,2022-05,Malfunction,36
NPT,2022-06,Death,44
NPT,2022-06,Injury,391
NPT,2022-06,Malfunction,36
NPT,2022-07,Death,80
NPT,2022-07,Injury,367
NPT,2022-07,Malfunction,32
NPT,2022-08,Death,36
NPT,2022-08,Injury,379
NPT,2022-08,Malfunction,42
NPT,2022-09,Death,37
NPT,2022-09,Injury,345
NPT,2022-09,Malfunction,41
NPT,2022-10,Death,89
NPT,2022-10,Injury,465
NPT,2022-10,Malfunction,38
NPT,2022-11,Death,40
NPT,2022-11,Injury,414
NPT,2022-11,Malfunction,40
NPT,2022-11,blank,1
NPT,2022-12,Death,92
NPT,2022-12,Injury,590
NPT,2022-12,Malfunction,59
NPT,2023-01,Death,82
NPT,2023-01,Injury,421
NPT,2023-01,Malfunction,27
NPT,2023-02,Death,78
NPT,2023-02,Injury,456
NPT,2023-02,Malfunction,59
NPT,2023-03,Death,137
NPT,2023-03,Injury,613
NPT,2023-03,Malfunction,84
NPT,2023-04,Death,127
NPT,2023-04,Injury,552
NPT,2023-04,Malfunction,70
NPT,2023-05,Death,59
NPT,2023-05,Injury,431
NPT,2023-05,Malfunction,75
NPT,2023-06,Death,107
NPT,2023-06,Injury,522
NPT,2023-06,Malfunction,83
NPT,2023-06,Other,1
NPT,2023-07,Death,93
NPT,2023-07,Injury,512
NPT,2023-07,Malfunction,96
NPT,2023-08,Death,65
NPT,2023-08,Injury,522
NPT,2023-08,Malfunction,103
NPT,2023-09,Death,53
NPT,2023-09,Injury,396
NPT,2023-09,Malfunction,97
NPT,2023-10,Death,127
NPT,2023-10,Injury,628
NPT,2023-10,Malfunction,106
NPT,2023-11,Death,66
NPT,2023-11,Injury,506
NPT,2023-11,Malfunction,115
NPT,2023-12,Death,91
NPT,2023-12,Injury,659
NPT,2023-12,Malfunction,100
NPT,2024-01,Death,97
NPT,2024-01,Injury,588
NPT,2024-01,Malfunction,101
NPT,2024-02,Death,127
NPT,2024-02,Injury,813
NPT,2024-02,Malfunction,104
NPT,2024-03,Death,150
NPT,2024-03,Injury,799
NPT,2024-03,Malfunction,123
NPT,2024-04,Death,125
NPT,2024-04,Injury,727
NPT,2024-04,Malfunction,131
NPT,2024-05,Death,60
NPT,2024-05,Injury,584
NPT,2024-05,Malfunction,143
NPT,2024-06,Death,105
NPT,2024-06,Injury,606
NPT,2024-06,Malfunction,111
NPT,2024-07,Death,88
NPT,2024-07,Injury,579
NPT,2024-07,Malfunction,160
NPT,2024-08,Death,113
NPT,2024-08,Injury,632
NPT,2024-08,Malfunction,175
NPT,2024-09,Death,48
NPT,2024-09,Injury,515
NPT,2024-09,Malfunction,139
NPT,2024-10,Death,82
NPT,2024-10,Injury,696
NPT,2024-10,Malfunction,251
NPT,2024-11,Death,66
NPT,2024-11,Injury,593
NPT,2024-11,Malfunction,281
NPT,2024-12,Death,115
NPT,2024-12,Injury,725
NPT,2024-12,Malfunction,291
NPT,2025-01,Death,93
NPT,2025-01,Injury,588
NPT,2025-01,Malfunction,355
NPT,2025-02,Death,76
NPT,2025-02,Injury,586
NPT,2025-02,Malfunction,248
NPT,2025-03,Death,137
NPT,2025-03,Injury,750
NPT,2025-03,Malfunction,193
NPT,2025-04,Death,173
NPT,2025-04,Injury,831
NPT,2025-04,Malfunction,421
NPT,2025-05,Death,54
NPT,2025-05,Injury,675
NPT,2025-05,Malfunction,328
NPT,2025-06,Death,104
NPT,2025-06,Injury,640
NPT,2025-06,Malfunction,341
NPT,2025-07,Death,107
NPT,2025-07,Injury,766
NPT,2025-07,Malfunction,399
NPT,2025-08,Death,83
NPT,2025-08,Injury,679
NPT,2025-08,Malfunction,215
NPT,2025-09,Death,59
NPT,2025-09,Injury,590
NPT,2025-09,Malfunction,175
NPT,2025-10,Death,132
NPT,2025-10,Injury,909
NPT,2025-10,Malfunction,252
NPT,2025-11,Death,64
NPT,2025-11,Injury,656
NPT,2025-11,Malfunction,215
NPT,2025-12,Death,122
NPT,2025-12,Injury,870
NPT,2025-12,Malfunction,234
NPT,2026-01,Death,107
NPT,2026-01,Injury,708
NPT,2026-01,Malfunction,192
NPT,2026-02,Death,89
NPT,2026-02,Injury,750
NPT,2026-02,Malfunction,213
NPT,2026-03,Death,133
NPT,2026-03,Injury,842
NPT,2026-03,Malfunction,267
NPT,2026-04,Death,105
NPT,2026-04,Injury,856
NPT,2026-04,Malfunction,227
NPT,2026-05,Death,74
NPT,2026-05,Injury,782
NPT,2026-05,Malfunction,212
NPT,2026-06,Death,67
NPT,2026-06,Injury,658
NPT,2026-06,Malfunction,256
NPT,2026-07,Death,92
NPT,2026-07,Injury,762
NPT,2026-07,Malfunction,262
NPT,2026-07,Other,1
NPT,2026-08,Death,48
NPT,2026-08,Injury,662
NPT,2026-08,Malfunction,207
OZD,2016-02,Malfunction,1
OZD,2016-11,Death,1
OZD,2016-11,Injury,6
OZD,2016-11,Malfunction,2
OZD,2016-12,Injury,8
OZD,2017-01,Death,2
OZD,2017-01,Injury,5
OZD,2017-02,Injury,5
OZD,2017-02,Malfunction,1
OZD,2017-03,Injury,5
OZD,2017-03,Malfunction,1
OZD,2017-04,Death,1
OZD,2017-04,Injury,3
OZD,2017-04,Malfunction,2
OZD,2017-05,Death,1
OZD,2017-05,Injury,7
OZD,2017-05,Malfunction,2
OZD,2017-06,Injury,7
OZD,2017-06,Malfunction,3
OZD,2017-07,Death,1
OZD,2017-07,Injury,8
OZD,2017-08,Injury,4
OZD,2017-09,Injury,6
OZD,2017-09,Malfunction,2
OZD,2017-10,Death,1
OZD,2017-10,Injury,7
OZD,2017-10,Malfunction,11
OZD,2017-11,Injury,11
OZD,2017-11,Malfunction,4
OZD,2017-12,Death,1
OZD,2017-12,Injury,6
OZD,2017-12,Malfunction,2
OZD,2018-01,Injury,7
OZD,2018-01,Malfunction,3
OZD,2018-02,Injury,5
OZD,2018-02,Malfunction,1
OZD,2018-03,Injury,6
OZD,2018-03,Malfunction,2
OZD,2018-04,Death,1
OZD,2018-04,Injury,9
OZD,2018-04,Malfunction,1
OZD,2018-05,Injury,7
OZD,2018-05,Malfunction,2
OZD,2018-06,Injury,11
OZD,2018-06,Malfunction,5
OZD,2018-07,Death,2
OZD,2018-07,Injury,7
OZD,2018-07,Malfunction,3
OZD,2018-08,Injury,8
OZD,2018-08,Malfunction,3
OZD,2018-09,Death,1
OZD,2018-09,Injury,14
OZD,2018-10,Injury,18
OZD,2018-10,Malfunction,1
OZD,2018-11,Injury,15
OZD,2018-11,Malfunction,1
OZD,2018-12,Death,2
OZD,2018-12,Injury,13
OZD,2018-12,Malfunction,1
OZD,2019-01,Injury,20
OZD,2019-01,Malfunction,3
OZD,2019-02,Injury,16
OZD,2019-02,Malfunction,1
OZD,2019-03,Injury,22
OZD,2019-04,Injury,18
OZD,2019-05,Injury,25
OZD,2019-05,Malfunction,2
OZD,2019-06,Injury,14
OZD,2019-06,Malfunction,2
OZD,2019-07,Death,1
OZD,2019-07,Injury,28
OZD,2019-07,Malfunction,3
OZD,2019-08,Injury,24
OZD,2019-08,Malfunction,1
OZD,2019-09,Injury,18
OZD,2019-09,Malfunction,4
OZD,2019-10,Death,2
OZD,2019-10,Injury,26
OZD,2019-10,Malfunction,1
OZD,2019-11,Death,2
OZD,2019-11,Injury,25
OZD,2019-11,Malfunction,1
OZD,2019-12,Injury,39
OZD,2019-12,Malfunction,2
OZD,2020-01,Injury,26
OZD,2020-01,Malfunction,2
OZD,2020-02,Death,1
OZD,2020-02,Injury,20
OZD,2020-02,Malfunction,2
OZD,2020-03,Death,1
OZD,2020-03,Injury,33
OZD,2020-03,Malfunction,4
OZD,2020-04,Death,2
OZD,2020-04,Injury,28
OZD,2020-04,Malfunction,4
OZD,2020-05,Injury,35
OZD,2020-05,Malfunction,1
OZD,2020-06,Injury,22
OZD,2020-06,Malfunction,3
OZD,2020-07,Injury,27
OZD,2020-07,Malfunction,4
OZD,2020-08,Injury,18
OZD,2020-08,Malfunction,2
OZD,2020-09,Death,1
OZD,2020-09,Injury,25
OZD,2020-09,Malfunction,4
OZD,2020-10,Injury,16
OZD,2020-10,Malfunction,3
OZD,2020-11,Death,1
OZD,2020-11,Injury,23
OZD,2020-11,Malfunction,5
OZD,2020-12,Injury,26
OZD,2020-12,Malfunction,2
OZD,2021-01,Injury,27
OZD,2021-01,Malfunction,5
OZD,2021-02,Death,4
OZD,2021-02,Injury,64
OZD,2021-02,Malfunction,5
OZD,2021-03,Death,2
OZD,2021-03,Injury,50
OZD,2021-03,Malfunction,8
OZD,2021-04,Death,6
OZD,2021-04,Injury,35
OZD,2021-04,Malfunction,6
OZD,2021-05,Death,2
OZD,2021-05,Injury,29
OZD,2021-05,Malfunction,3
OZD,2021-06,Death,2
OZD,2021-06,Injury,21
OZD,2021-06,Malfunction,3
OZD,2021-07,Death,2
OZD,2021-07,Injury,42
OZD,2021-07,Malfunction,7
OZD,2021-08,Death,3
OZD,2021-08,Injury,31
OZD,2021-08,Malfunction,4
OZD,2021-09,Death,8
OZD,2021-09,Injury,38
OZD,2021-09,Malfunction,11
OZD,2021-10,Death,3
OZD,2021-10,Injury,38
OZD,2021-10,Malfunction,8
OZD,2021-11,Death,2
OZD,2021-11,Injury,41
OZD,2021-11,Malfunction,4
OZD,2021-12,Death,8
OZD,2021-12,Injury,38
OZD,2021-12,Malfunction,7
OZD,2022-01,Death,3
OZD,2022-01,Injury,30
OZD,2022-01,Malfunction,6
OZD,2022-02,Death,4
OZD,2022-02,Injury,26
OZD,2022-02,Malfunction,4
OZD,2022-03,Death,7
OZD,2022-03,Injury,35
OZD,2022-03,Malfunction,6
OZD,2022-04,Death,5
OZD,2022-04,Injury,45
OZD,2022-04,Malfunction,9
OZD,2022-05,Death,5
OZD,2022-05,Injury,42
OZD,2022-05,Malfunction,7
OZD,2022-06,Death,4
OZD,2022-06,Injury,28
OZD,2022-06,Malfunction,9
OZD,2022-07,Death,6
OZD,2022-07,Injury,28
OZD,2022-07,Malfunction,8
OZD,2022-08,Death,3
OZD,2022-08,Injury,11
OZD,2022-08,Malfunction,3
OZD,2022-09,Death,1
OZD,2022-09,Injury,43
OZD,2022-09,Malfunction,8
OZD,2022-10,Death,5
OZD,2022-10,Injury,34
OZD,2022-10,Malfunction,9
OZD,2022-11,Death,8
OZD,2022-11,Injury,38
OZD,2022-11,Malfunction,7
OZD,2022-12,Death,4
OZD,2022-12,Injury,45
OZD,2022-12,Malfunction,6
OZD,2023-01,Death,5
OZD,2023-01,Injury,60
OZD,2023-01,Malfunction,5
OZD,2023-02,Death,10
OZD,2023-02,Injury,68
OZD,2023-02,Malfunction,12
OZD,2023-03,Death,5
OZD,2023-03,Injury,68
OZD,2023-03,Malfunction,20
OZD,2023-04,Death,7
OZD,2023-04,Injury,63
OZD,2023-04,Malfunction,22
OZD,2023-05,Death,11
OZD,2023-05,Injury,141
OZD,2023-05,Malfunction,25
OZD,2023-06,Death,9
OZD,2023-06,Injury,115
OZD,2023-06,Malfunction,10
OZD,2023-07,Death,13
OZD,2023-07,Injury,126
OZD,2023-07,Malfunction,22
OZD,2023-08,Death,31
OZD,2023-08,Injury,185
OZD,2023-08,Malfunction,175
OZD,2023-09,Death,39
OZD,2023-09,Injury,224
OZD,2023-09,Malfunction,284
OZD,2023-10,Death,70
OZD,2023-10,Injury,432
OZD,2023-10,Malfunction,661
OZD,2023-11,Death,30
OZD,2023-11,Injury,204
OZD,2023-11,Malfunction,221
OZD,2023-12,Death,28
OZD,2023-12,Injury,200
OZD,2023-12,Malfunction,248
OZD,2024-01,Death,36
OZD,2024-01,Injury,337
OZD,2024-01,Malfunction,418
OZD,2024-02,Death,30
OZD,2024-02,Injury,336
OZD,2024-02,Malfunction,347
OZD,2024-03,Death,96
OZD,2024-03,Injury,1130
OZD,2024-03,Malfunction,576
OZD,2024-04,Death,32
OZD,2024-04,Injury,976
OZD,2024-04,Malfunction,449
OZD,2024-05,Death,52
OZD,2024-05,Injury,857
OZD,2024-05,Malfunction,354
OZD,2024-06,Death,42
OZD,2024-06,Injury,527
OZD,2024-06,Malfunction,317
OZD,2024-07,Death,25
OZD,2024-07,Injury,464
OZD,2024-07,Malfunction,268
OZD,2024-08,Death,623
OZD,2024-08,Injury,2362
OZD,2024-08,Malfunction,794
OZD,2024-09,Death,43
OZD,2024-09,Injury,416
OZD,2024-09,Malfunction,500
OZD,2024-10,Death,287
OZD,2024-10,Injury,850
OZD,2024-10,Malfunction,1604
OZD,2024-10,Other,1
OZD,2024-11,Death,476
OZD,2024-11,Injury,723
OZD,2024-11,Malfunction,1495
OZD,2024-12,Death,113
OZD,2024-12,Injury,244
OZD,2024-12,Malfunction,392
OZD,2025-01,Death,110
OZD,2025-01,Injury,283
OZD,2025-01,Malfunction,248
OZD,2025-02,Death,79
OZD,2025-02,Injury,186
OZD,2025-02,Malfunction,221
OZD,2025-03,Death,126
OZD,2025-03,Injury,258
OZD,2025-03,Malfunction,265
OZD,2025-04,Death,138
OZD,2025-04,Injury,331
OZD,2025-04,Malfunction,354
OZD,2025-05,Death,141
OZD,2025-05,Injury,420
OZD,2025-05,Malfunction,289
OZD,2025-06,Death,185
OZD,2025-06,Injury,464
OZD,2025-06,Malfunction,330
OZD,2025-07,Death,162
OZD,2025-07,Injury,446
OZD,2025-07,Malfunction,337
OZD,2025-08,Death,92
OZD,2025-08,Injury,181
OZD,2025-08,Malfunction,219
OZD,2025-09,Death,236
OZD,2025-09,Injury,472
OZD,2025-09,Malfunction,744
OZD,2025-10,Death,201
OZD,2025-10,Injury,445
OZD,2025-10,Malfunction,306
OZD,2025-11,Death,124
OZD,2025-11,Injury,360
OZD,2025-11,Malfunction,176
OZD,2025-12,Death,163
OZD,2025-12,Injury,483
OZD,2025-12,Malfunction,308
OZD,2026-01,Death,338
OZD,2026-01,Injury,916
OZD,2026-01,Malfunction,512
OZD,2026-02,Death,427
OZD,2026-02,Injury,1253
OZD,2026-02,Malfunction,331
OZD,2026-03,Death,311
OZD,2026-03,Injury,941
OZD,2026-03,Malfunction,400
OZD,2026-04,Death,157
OZD,2026-04,Injury,505
OZD,2026-04,Malfunction,340
OZD,2026-05,Death,169
OZD,2026-05,Injury,375
OZD,2026-05,Malfunction,319
OZD,2026-06,Death,152
OZD,2026-06,Injury,419
OZD,2026-06,Malfunction,1122
OZD,2026-07,Death,122
OZD,2026-07,Injury,363
OZD,2026-07,Malfunction,487
OZD,2026-08,Death,129
OZD,2026-08,Injury,459
OZD,2026-08,Malfunction,428
OZD,2026-08,Other,1
PYX,2017-11,Injury,2
PYX,2018-01,Injury,1
PYX,2018-02,Malfunction,1
PYX,2018-04,Injury,1
PYX,2018-05,Injury,1
PYX,2018-07,Death,1
PYX,2018-08,Malfunction,1
PYX,2018-10,Injury,1
PYX,2018-11,Injury,2
PYX,2018-12,Injury,1
PYX,2019-01,Injury,1
PYX,2019-02,Injury,1
PYX,2019-02,Malfunction,1
PYX,2019-03,Injury,1
PYX,2019-06,Injury,1
PYX,2019-07,Injury,1
PYX,2019-09,Injury,2
PYX,2019-10,Injury,2
PYX,2020-01,Injury,1
PYX,2020-02,Injury,2
PYX,2020-03,Injury,4
PYX,2020-09,Injury,1
PYX,2020-11,Injury,1
PYX,2020-12,Injury,1
PYX,2021-01,Injury,1
PYX,2021-03,Injury,1
PYX,2021-04,Injury,1
PYX,2021-05,Death,1
PYX,2021-05,Injury,1
PYX,2021-07,Death,1
PYX,2021-11,Injury,1
PYX,2022-01,Injury,1
PYX,2022-03,Injury,1
PYX,2022-06,Injury,1
PYX,2022-09,Death,1
PYX,2022-10,Death,2
PYX,2022-10,Injury,1
PYX,2022-12,Injury,2
PYX,2023-02,Injury,1
PYX,2023-03,Injury,2
PYX,2023-03,Malfunction,1
PYX,2023-04,Injury,1
PYX,2023-05,Death,1
PYX,2023-05,Injury,4
PYX,2023-05,Malfunction,1
PYX,2023-06,Injury,1
PYX,2023-06,Malfunction,1
PYX,2023-07,Death,1
PYX,2023-07,Injury,2
PYX,2023-08,Injury,3
PYX,2023-08,Malfunction,7
PYX,2023-09,Injury,5
PYX,2023-09,Malfunction,7
PYX,2023-10,Death,1
PYX,2023-10,Injury,7
PYX,2023-10,Malfunction,9
PYX,2023-11,Injury,5
PYX,2023-11,Malfunction,11
PYX,2023-12,Death,4
PYX,2023-12,Injury,4
PYX,2023-12,Malfunction,11
PYX,2024-01,Death,2
PYX,2024-01,Injury,12
PYX,2024-01,Malfunction,20
PYX,2024-02,Death,3
PYX,2024-02,Injury,17
PYX,2024-02,Malfunction,14
PYX,2024-03,Death,1
PYX,2024-03,Injury,10
PYX,2024-03,Malfunction,23
PYX,2024-04,Death,5
PYX,2024-04,Injury,19
PYX,2024-04,Malfunction,20
PYX,2024-05,Death,5
PYX,2024-05,Injury,39
PYX,2024-05,Malfunction,26
PYX,2024-06,Death,3
PYX,2024-06,Injury,13
PYX,2024-06,Malfunction,15
PYX,2024-07,Death,2
PYX,2024-07,Injury,14
PYX,2024-07,Malfunction,17
PYX,2024-08,Death,3
PYX,2024-08,Injury,22
PYX,2024-08,Malfunction,23
PYX,2024-09,Death,56
PYX,2024-09,Injury,235
PYX,2024-09,Malfunction,114
PYX,2024-10,Death,28
PYX,2024-10,Injury,35
PYX,2024-10,Malfunction,114
PYX,2024-11,Death,17
PYX,2024-11,Injury,23
PYX,2024-11,Malfunction,30
PYX,2024-12,Death,13
PYX,2024-12,Injury,25
PYX,2024-12,Malfunction,13
PYX,2025-01,Death,8
PYX,2025-01,Injury,9
PYX,2025-01,Malfunction,18
PYX,2025-02,Death,2
PYX,2025-02,Injury,12
PYX,2025-02,Malfunction,12
PYX,2025-03,Death,7
PYX,2025-03,Injury,10
PYX,2025-03,Malfunction,11
PYX,2025-04,Death,7
PYX,2025-04,Injury,14
PYX,2025-04,Malfunction,10
PYX,2025-05,Death,10
PYX,2025-05,Injury,13
PYX,2025-05,Malfunction,11
PYX,2025-06,Death,11
PYX,2025-06,Injury,26
PYX,2025-06,Malfunction,21
PYX,2025-07,Death,3
PYX,2025-07,Injury,22
PYX,2025-07,Malfunction,15
PYX,2025-08,Death,6
PYX,2025-08,Injury,12
PYX,2025-08,Malfunction,10
PYX,2025-09,Death,34
PYX,2025-09,Injury,21
PYX,2025-09,Malfunction,75
PYX,2025-10,Death,27
PYX,2025-10,Injury,24
PYX,2025-10,Malfunction,19
PYX,2025-11,Death,11
PYX,2025-11,Injury,11
PYX,2025-11,Malfunction,9
PYX,2025-12,Death,9
PYX,2025-12,Injury,19
PYX,2025-12,Malfunction,11
PYX,2026-01,Death,23
PYX,2026-01,Injury,31
PYX,2026-01,Malfunction,45
PYX,2026-02,Death,33
PYX,2026-02,Injury,48
PYX,2026-02,Malfunction,10
PYX,2026-03,Death,29
PYX,2026-03,Injury,43
PYX,2026-03,Malfunction,25
PYX,2026-04,Death,13
PYX,2026-04,Injury,22
PYX,2026-04,Malfunction,15
PYX,2026-05,Death,6
PYX,2026-05,Injury,17
PYX,2026-05,Malfunction,12
PYX,2026-06,Death,16
PYX,2026-06,Injury,11
PYX,2026-06,Malfunction,10
PYX,2026-07,Death,5
PYX,2026-07,Injury,11
PYX,2026-07,Malfunction,9
PYX,2026-08,Death,5
PYX,2026-08,Injury,20
PYX,2026-08,Malfunction,12
