product_code,queries_hit,query_ids
BRW,2,EX-09 EX-10
BRY,1,EX-05
BSO,1,EX-01
BSP,3,EX-02 EX-07 EX-08
BTA,4,EX-01 EX-02 EX-07 EX-08
BTR,1,EX-05
BTX,1,EX-02
BWN,2,EX-07 EX-08
BXB,1,EX-01
BXN,1,EX-05
BYG,1,EX-06
BYX,2,EX-07 EX-08
BYY,2,EX-07 EX-08
BYZ,2,EX-07 EX-08
BZN,5,EX-02 EX-05 EX-07 EX-08 EX-09
CAC,6,EX-01 EX-02 EX-05 EX-08 EX-09 EX-11
CCK,4,EX-02 EX-07 EX-08 EX-09
CCX,4,EX-07 EX-08 EX-09 EX-10
DJC,1,EX-02
DMG,3,EX-07 EX-08 EX-09
DPS,1,EX-02
DPW,1,EX-02
DQA,5,EX-01 EX-02 EX-07 EX-08 EX-09
DQO,5,EX-01 EX-02 EX-05 EX-07 EX-08
DQX,5,EX-02 EX-05 EX-07 EX-08 EX-11
DQY,8,EX-01 EX-02 EX-05 EX-06 EX-07 EX-08 EX-09 EX-11
DRB,1,EX-02
DRL,1,EX-02
DRM,5,EX-02 EX-06 EX-08 EX-09 EX-10
DRO,3,EX-02 EX-08 EX-09
DRT,4,EX-01 EX-02 EX-08 EX-09
DRW,1,EX-02
DRX,1,EX-02
DSA,6,EX-01 EX-02 EX-06 EX-07 EX-08 EX-09
DSF,3,EX-02 EX-08 EX-09
DSH,1,EX-02
DSK,2,EX-08 EX-09
DTL,3,EX-02 EX-07 EX-08
DWH,2,EX-07 EX-08
DWI,1,EX-01
DWJ,4,EX-01 EX-02 EX-05 EX-11
DWS,1,EX-02
DXE,1,EX-06
DXF,1,EX-02
DXH,1,EX-02
DXN,4,EX-02 EX-06 EX-08 EX-09
DXO,1,EX-02
DXQ,1,EX-02
DXT,1,EX-02
DYB,6,EX-01 EX-02 EX-05 EX-07 EX-08 EX-09
DYG,1,EX-02
DZE,5,EX-01 EX-02 EX-07 EX-08 EX-09
DZI,5,EX-01 EX-05 EX-07 EX-08 EX-09
DZJ,6,EX-01 EX-05 EX-07 EX-08 EX-09 EX-11
DZL,5,EX-01 EX-02 EX-07 EX-08 EX-09
DZN,3,EX-02 EX-09 EX-10
EAY,1,EX-01
EBA,2,EX-07 EX-08
EBD,1,EX-02
EBF,1,EX-02
EBG,1,EX-02
ECP,2,EX-09 EX-10
ECR,2,EX-09 EX-10
ECS,2,EX-09 EX-10
EFL,2,EX-09 EX-10
EFW,2,EX-09 EX-10
EGD,1,EX-02
EGG,1,EX-02
EGN,2,EX-09 EX-10
EHM,1,EX-02
EHO,3,EX-07 EX-08 EX-09
EIA,4,EX-02 EX-07 EX-08 EX-11
EIG,2,EX-09 EX-10
EIH,1,EX-02
EIL,2,EX-09 EX-10
EIR,2,EX-09 EX-10
EIX,2,EX-09 EX-10
EJB,2,EX-09 EX-10
EJL,4,EX-07 EX-08 EX-09 EX-10
EJS,1,EX-02
EJT,1,EX-02
EKC,2,EX-09 EX-10
EKX,1,EX-02
EMD,2,EX-09 EX-10
EMF,3,EX-08 EX-09 EX-10
EMG,2,EX-09 EX-10
EMI,2,EX-09 EX-10
EMJ,2,EX-09 EX-10
EMM,2,EX-09 EX-10
EMN,2,EX-09 EX-10
EMO,2,EX-09 EX-10
EMX,3,EX-07 EX-08 EX-09
EOB,4,EX-01 EX-02 EX-07 EX-08
EPT,2,EX-07 EX-08
EQH,2,EX-07 EX-08
EQJ,3,EX-01 EX-07 EX-08
ERL,7,EX-01 EX-05 EX-07 EX-08 EX-09 EX-10 EX-11
ETA,1,EX-01
ETN,4,EX-01 EX-05 EX-07 EX-10
EXB,1,EX-02
EXD,1,EX-02
EXE,1,EX-02
EYD,2,EX-07 EX-08
EZK,1,EX-02
EZR,1,EX-02
EZX,3,EX-07 EX-08 EX-09
FAJ,3,EX-01 EX-07 EX-08
FAS,2,EX-07 EX-08
FAT,3,EX-01 EX-02 EX-05
FCS,4,EX-01 EX-05 EX-07 EX-08
FCW,5,EX-01 EX-05 EX-07 EX-08 EX-11
FCZ,2,EX-07 EX-08
FDC,2,EX-07 EX-08
FDF,2,EX-01 EX-02
FED,4,EX-02 EX-07 EX-08 EX-09
FEM,2,EX-07 EX-08
FER,1,EX-02
FET,2,EX-07 EX-08
FFO,2,EX-09 EX-10
FFS,2,EX-07 EX-08
FFY,2,EX-07 EX-08
FGB,3,EX-01 EX-07 EX-08
FGO,2,EX-07 EX-08
FGS,1,EX-05
FHQ,2,EX-09 EX-10
FKX,1,EX-02
FLE,1,EX-01
FLF,1,EX-02
FLL,2,EX-08 EX-09
FLN,1,EX-01
FMF,6,EX-01 EX-02 EX-07 EX-08 EX-09 EX-10
FMH,3,EX-02 EX-07 EX-08
FMI,1,EX-02
FMP,4,EX-07 EX-08 EX-09 EX-10
FMR,4,EX-07 EX-08 EX-09 EX-10
FMS,5,EX-01 EX-05 EX-07 EX-08 EX-11
FMT,1,EX-02
FMW,2,EX-07 EX-08
FNJ,4,EX-02 EX-05 EX-07 EX-08
FNL,6,EX-01 EX-05 EX-06 EX-07 EX-08 EX-11
FNM,6,EX-01 EX-02 EX-05 EX-07 EX-08 EX-11
FNS,2,EX-08 EX-09
FOA,2,EX-07 EX-08
FON,1,EX-02
FOX,4,EX-05 EX-07 EX-08 EX-09
FPK,1,EX-05
FPO,5,EX-01 EX-05 EX-07 EX-08 EX-11
FPP,5,EX-01 EX-05 EX-07 EX-08 EX-11
FPX,1,EX-02
FQA,1,EX-05
FQH,6,EX-01 EX-02 EX-05 EX-07 EX-08 EX-11
FQM,2,EX-08 EX-09
FQO,6,EX-01 EX-02 EX-05 EX-06 EX-07 EX-08
FRC,2,EX-01 EX-02
FRG,3,EX-02 EX-08 EX-09
FRK,4,EX-05 EX-07 EX-08 EX-11
FRL,2,EX-09 EX-10
FRN,3,EX-01 EX-02 EX-05
FRW,1,EX-02
FRZ,3,EX-05 EX-07 EX-08
FSA,2,EX-09 EX-10
FSE,1,EX-05
FSM,6,EX-05 EX-06 EX-07 EX-08 EX-09 EX-10
FSS,4,EX-01 EX-07 EX-08 EX-09
FST,5,EX-01 EX-02 EX-07 EX-08 EX-10
FSY,7,EX-01 EX-02 EX-05 EX-07 EX-08 EX-09 EX-11
FSZ,2,EX-07 EX-08
FTD,6,EX-01 EX-02 EX-06 EX-07 EX-08 EX-09
FTL,5,EX-02 EX-05 EX-07 EX-08 EX-09
FTM,6,EX-02 EX-05 EX-06 EX-07 EX-08 EX-09
FTY,4,EX-01 EX-07 EX-08 EX-09
FWB,2,EX-07 EX-08
FWH,1,EX-06
FWL,2,EX-07 EX-08
FWP,6,EX-01 EX-02 EX-05 EX-07 EX-08 EX-09
FWW,1,EX-02
FWY,1,EX-01
FWZ,3,EX-01 EX-08 EX-09
FXM,2,EX-07 EX-08
FXR,2,EX-08 EX-09
FXX,3,EX-02 EX-07 EX-08
FXY,3,EX-01 EX-07 EX-08
FXZ,2,EX-07 EX-08
FYA,5,EX-01 EX-05 EX-07 EX-08 EX-11
FYC,1,EX-02
FYD,5,EX-01 EX-05 EX-07 EX-08 EX-11
FZM,4,EX-05 EX-07 EX-08 EX-11
FZO,4,EX-07 EX-08 EX-09 EX-10
FZS,2,EX-09 EX-10
FZX,5,EX-02 EX-07 EX-08 EX-09 EX-10
FZY,3,EX-07 EX-08 EX-09
GAB,2,EX-08 EX-09
GAC,5,EX-05 EX-06 EX-08 EX-09 EX-10
GAD,5,EX-05 EX-07 EX-08 EX-09 EX-10
GAG,1,EX-02
GAH,2,EX-07 EX-08
GAT,5,EX-01 EX-02 EX-07 EX-08 EX-09
GBP,2,EX-07 EX-08
GBS,1,EX-06
GBX,2,EX-07 EX-08
GBZ,3,EX-01 EX-07 EX-08
GCC,2,EX-07 EX-08
GCJ,8,EX-01 EX-02 EX-05 EX-06 EX-07 EX-08 EX-09 EX-11
GCT,1,EX-11
GCX,7,EX-01 EX-02 EX-05 EX-07 EX-08 EX-09 EX-11
GCY,6,EX-01 EX-05 EX-06 EX-07 EX-08 EX-09
GDC,4,EX-06 EX-07 EX-08 EX-09
GDF,5,EX-05 EX-07 EX-08 EX-09 EX-10
GDG,4,EX-07 EX-08 EX-09 EX-10
GDI,2,EX-09 EX-10
GDJ,2,EX-05 EX-06
GDN,2,EX-09 EX-10
GDO,2,EX-08 EX-09
GDR,2,EX-08 EX-09
GDT,1,EX-02
GDW,1,EX-01
GDX,2,EX-07 EX-08
GDY,5,EX-01 EX-05 EX-07 EX-08 EX-09
GDZ,4,EX-07 EX-08 EX-09 EX-10
GEA,3,EX-07 EX-08 EX-09
GEC,2,EX-08 EX-09
GEG,3,EX-07 EX-09 EX-10
GEH,3,EX-02 EX-07 EX-08
GEI,8,EX-01 EX-02 EX-05 EX-06 EX-07 EX-08 EX-09 EX-11
GEN,4,EX-07 EX-08 EX-09 EX-10
GEO,2,EX-09 EX-10
GES,3,EX-01 EX-07 EX-08
GET,3,EX-01 EX-02 EX-11
GEX,1,EX-02
GEY,4,EX-06 EX-07 EX-08 EX-09
GFA,6,EX-01 EX-05 EX-07 EX-08 EX-09 EX-11
GFE,2,EX-07 EX-08
GFF,4,EX-06 EX-07 EX-08 EX-11
GFG,3,EX-07 EX-08 EX-09
GFI,2,EX-08 EX-09
GWG,3,EX-01 EX-07 EX-08
GWO,7,EX-01 EX-02 EX-05 EX-06 EX-07 EX-08 EX-09
GXD,7,EX-01 EX-02 EX-05 EX-07 EX-08 EX-09 EX-11
GXI,5,EX-01 EX-05 EX-07 EX-08 EX-09
GXN,2,EX-01 EX-02
GXP,7,EX-01 EX-02 EX-05 EX-06 EX-07 EX-08 EX-09
GXR,3,EX-07 EX-08 EX-09
GXZ,2,EX-01 EX-05
GYE,1,EX-02
GZT,3,EX-06 EX-07 EX-08
GZX,2,EX-09 EX-10
HAB,4,EX-06 EX-07 EX-08 EX-11
HAE,2,EX-07 EX-08
HAO,4,EX-07 EX-08 EX-09 EX-10
HAW,9,EX-01 EX-02 EX-05 EX-06 EX-07 EX-08 EX-09 EX-10 EX-11
HBB,5,EX-01 EX-05 EX-07 EX-08 EX-11
HBC,2,EX-07 EX-08
HBE,6,EX-01 EX-05 EX-07 EX-08 EX-09 EX-11
HBF,5,EX-01 EX-05 EX-07 EX-08 EX-11
HBI,2,EX-07 EX-08
HBW,5,EX-01 EX-02 EX-07 EX-08 EX-09
HCG,6,EX-01 EX-02 EX-05 EX-07 EX-08 EX-11
HDB,2,EX-07 EX-08
HDD,5,EX-01 EX-05 EX-07 EX-08 EX-11
HET,4,EX-01 EX-05 EX-07 EX-08
HGM,1,EX-02
HIF,5,EX-01 EX-05 EX-07 EX-08 EX-11
HIG,6,EX-02 EX-05 EX-06 EX-07 EX-08 EX-09
HIH,3,EX-01 EX-07 EX-08
HMX,3,EX-06 EX-09 EX-10
HNC,1,EX-02
HNF,2,EX-09 EX-10
HNN,2,EX-09 EX-10
HNR,2,EX-09 EX-10
HOC,2,EX-09 EX-10
HPN,2,EX-09 EX-10
HPZ,6,EX-02 EX-05 EX-06 EX-07 EX-08 EX-09
HQB,4,EX-02 EX-06 EX-09 EX-10
HQC,3,EX-02 EX-09 EX-10
HQE,4,EX-02 EX-06 EX-09 EX-10
HQN,5,EX-02 EX-06 EX-07 EX-08 EX-09
HQR,2,EX-09 EX-10
HRQ,2,EX-07 EX-08
HRR,3,EX-07 EX-08 EX-09
HRS,8,EX-01 EX-02 EX-05 EX-06 EX-07 EX-08 EX-09 EX-11
HRT,2,EX-07 EX-08
HRX,8,EX-01 EX-02 EX-05 EX-06 EX-07 EX-08 EX-09 EX-11
HRY,7,EX-02 EX-04 EX-05 EX-06 EX-07 EX-08 EX-09
HSB,8,EX-01 EX-02 EX-05 EX-06 EX-07 EX-08 EX-09 EX-11
HSD,7,EX-01 EX-02 EX-05 EX-06 EX-07 EX-08 EX-09
HSH,1,EX-11
HSN,6,EX-01 EX-02 EX-06 EX-07 EX-08 EX-09
HSO,2,EX-08 EX-09
HST,4,EX-05 EX-07 EX-08 EX-09
HSX,6,EX-01 EX-02 EX-06 EX-07 EX-08 EX-09
HSZ,2,EX-07 EX-08
HTC,3,EX-07 EX-08 EX-09
HTD,6,EX-05 EX-06 EX-07 EX-08 EX-09 EX-10
HTE,3,EX-07 EX-08 EX-09
HTF,4,EX-07 EX-08 EX-09 EX-10
HTJ,6,EX-05 EX-06 EX-07 EX-08 EX-09 EX-10
HTN,5,EX-01 EX-02 EX-07 EX-08 EX-09
HTO,5,EX-05 EX-06 EX-07 EX-08 EX-09
HTP,2,EX-09 EX-10
HTQ,5,EX-05 EX-06 EX-07 EX-08 EX-09
HTR,4,EX-02 EX-07 EX-08 EX-09
HTS,6,EX-05 EX-06 EX-07 EX-08 EX-09 EX-10
HTT,3,EX-07 EX-08 EX-09
HTW,7,EX-05 EX-06 EX-07 EX-08 EX-09 EX-10 EX-11
HTX,3,EX-08 EX-09 EX-10
HTY,7,EX-01 EX-02 EX-05 EX-07 EX-08 EX-09 EX-11
HTZ,5,EX-05 EX-06 EX-07 EX-08 EX-09
HWA,5,EX-05 EX-06 EX-08 EX-09 EX-10
HWB,6,EX-05 EX-06 EX-07 EX-08 EX-09 EX-10
HWC,8,EX-01 EX-02 EX-05 EX-06 EX-07 EX-08 EX-09 EX-11
HWD,3,EX-07 EX-08 EX-09
HWE,7,EX-01 EX-05 EX-07 EX-08 EX-09 EX-10 EX-11
HWJ,5,EX-06 EX-07 EX-08 EX-09 EX-10
HWK,2,EX-08 EX-09
HWM,2,EX-08 EX-09
HWN,3,EX-08 EX-09 EX-10
HWP,2,EX-08 EX-09
HWQ,3,EX-07 EX-08 EX-09
HWR,3,EX-06 EX-08 EX-09
HWT,6,EX-05 EX-06 EX-07 EX-08 EX-09 EX-10
HWW,3,EX-07 EX-08 EX-09
HWX,4,EX-07 EX-08 EX-09 EX-10
HXA,3,EX-07 EX-08 EX-09
HXB,4,EX-07 EX-08 EX-09 EX-10
HXC,4,EX-07 EX-08 EX-09 EX-10
HXD,5,EX-01 EX-05 EX-07 EX-08 EX-09
HXE,3,EX-08 EX-09 EX-10
HXG,4,EX-07 EX-08 EX-09 EX-10
HXI,4,EX-07 EX-08 EX-09 EX-10
HXJ,1,EX-01
HXK,3,EX-07 EX-08 EX-09
HXL,2,EX-08 EX-09
HXN,2,EX-08 EX-09
HXO,2,EX-08 EX-09
HXP,2,EX-08 EX-09
HXR,3,EX-07 EX-08 EX-09
HXW,4,EX-07 EX-08 EX-09 EX-10
HXX,7,EX-05 EX-06 EX-07 EX-08 EX-09 EX-10 EX-11
HXY,2,EX-09 EX-10
HXZ,4,EX-07 EX-08 EX-09 EX-10
IKD,3,EX-05 EX-07 EX-08
IKY,7,EX-02 EX-05 EX-07 EX-08 EX-09 EX-10 EX-11
IKZ,6,EX-02 EX-05 EX-06 EX-07 EX-08 EX-11
ILH,2,EX-08 EX-09
ILK,4,EX-01 EX-05 EX-07 EX-08
ILO,3,EX-02 EX-05 EX-11
IMD,1,EX-02
INK,5,EX-01 EX-05 EX-07 EX-08 EX-11
INM,3,EX-01 EX-07 EX-08
INN,3,EX-05 EX-07 EX-08
INO,3,EX-05 EX-07 EX-08
INX,1,EX-02
IOG,1,EX-01
IOL,1,EX-02
IOQ,4,EX-02 EX-05 EX-07 EX-08
IOR,1,EX-01
IPG,2,EX-07 EX-08
IQI,2,EX-07 EX-08
IQO,2,EX-05 EX-06
IRQ,3,EX-07 EX-08 EX-09
ISL,2,EX-05 EX-06
ITG,1,EX-02
IXI,2,EX-01 EX-02
IYE,2,EX-01 EX-02
IZI,6,EX-01 EX-02 EX-06 EX-07 EX-08 EX-09
JAA,2,EX-07 EX-08
JAK,5,EX-02 EX-06 EX-07 EX-08 EX-09
JCX,5,EX-01 EX-05 EX-07 EX-08 EX-11
JDB,6,EX-02 EX-05 EX-06 EX-07 EX-08 EX-09
JDC,5,EX-02 EX-06 EX-07 EX-08 EX-09
JDG,8,EX-01 EX-02 EX-05 EX-06 EX-07 EX-08 EX-09 EX-11
JDI,8,EX-01 EX-02 EX-05 EX-06 EX-07 EX-08 EX-09 EX-11
JDJ,4,EX-02 EX-07 EX-08 EX-09
JDK,3,EX-02 EX-08 EX-09
JDL,6,EX-02 EX-05 EX-06 EX-07 EX-08 EX-09
JDO,2,EX-02 EX-06
JDQ,6,EX-01 EX-02 EX-07 EX-08 EX-09 EX-10
JDR,7,EX-01 EX-02 EX-05 EX-06 EX-07 EX-08 EX-09
JDS,4,EX-02 EX-05 EX-06 EX-11
JDW,6,EX-01 EX-02 EX-07 EX-08 EX-09 EX-11
JDY,1,EX-02
JDZ,7,EX-01 EX-02 EX-05 EX-07 EX-08 EX-09 EX-11
JEA,1,EX-01
JEB,2,EX-07 EX-08
JEC,7,EX-01 EX-02 EX-05 EX-06 EX-07 EX-08 EX-09
JEX,2,EX-09 EX-10
JEY,8,EX-01 EX-02 EX-05 EX-06 EX-07 EX-08 EX-09 EX-11
JOF,4,EX-02 EX-07 EX-08 EX-09
JOJ,1,EX-02
JOL,5,EX-06 EX-07 EX-08 EX-09 EX-10
JOW,5,EX-02 EX-05 EX-06 EX-07 EX-08
JQP,2,EX-07 EX-08
JRR,2,EX-07 EX-08
JWH,8,EX-01 EX-02 EX-05 EX-06 EX-07 EX-08 EX-09 EX-11
JWJ,2,EX-07 EX-08
KAS,1,EX-02
KCB,2,EX-09 EX-10
KCT,6,EX-01 EX-02 EX-05 EX-07 EX-08 EX-09
KCY,5,EX-05 EX-06 EX-07 EX-08 EX-11
KDD,5,EX-05 EX-06 EX-07 EX-08 EX-09
KDJ,1,EX-02
KDQ,4,EX-02 EX-05 EX-07 EX-08
KDT,1,EX-02
KGS,2,EX-08 EX-09
KGX,2,EX-07 EX-08
KIC,3,EX-02 EX-07 EX-08
KIH,6,EX-02 EX-05 EX-06 EX-07 EX-08 EX-09
KIJ,7,EX-01 EX-05 EX-07 EX-08 EX-09 EX-10 EX-11
KIK,2,EX-08 EX-09
KIZ,1,EX-02
KKX,2,EX-07 EX-08
KKY,6,EX-01 EX-02 EX-05 EX-06 EX-08 EX-09
KLA,1,EX-02
KMA,2,EX-07 EX-08
KME,2,EX-09 EX-10
KMI,3,EX-02 EX-07 EX-08
KMN,3,EX-05 EX-07 EX-08
KNC,1,EX-01
KNF,2,EX-07 EX-08
KNN,1,EX-02
KNS,3,EX-01 EX-07 EX-08
KNT,3,EX-02 EX-09 EX-10
KNW,8,EX-01 EX-02 EX-05 EX-06 EX-07 EX-08 EX-09 EX-10
KNX,1,EX-02
KOG,2,EX-05 EX-11
KQM,4,EX-06 EX-07 EX-08 EX-09
KQT,3,EX-02 EX-07 EX-08
KQZ,4,EX-02 EX-07 EX-08 EX-09
KRA,4,EX-02 EX-07 EX-08 EX-09
KRD,5,EX-01 EX-02 EX-05 EX-07 EX-08
KRO,8,EX-01 EX-02 EX-05 EX-06 EX-07 EX-08 EX-09 EX-11
KRQ,1,EX-06
KRR,5,EX-01 EX-02 EX-07 EX-08 EX-09
KTT,8,EX-01 EX-02 EX-05 EX-06 EX-07 EX-08 EX-09 EX-11
KTW,4,EX-02 EX-07 EX-08 EX-09
KTZ,3,EX-08 EX-09 EX-10
KWA,5,EX-02 EX-06 EX-08 EX-09 EX-11
KWB,1,EX-11
KWD,4,EX-02 EX-06 EX-08 EX-09
KWF,3,EX-07 EX-08 EX-09
KWG,3,EX-03 EX-07 EX-08
KWH,4,EX-06 EX-07 EX-08 EX-09
KWI,5,EX-02 EX-06 EX-07 EX-08 EX-09
KWL,8,EX-01 EX-02 EX-05 EX-06 EX-07 EX-08 EX-09 EX-11
KWN,3,EX-02 EX-08 EX-09
KWO,2,EX-08 EX-09
KWP,8,EX-01 EX-02 EX-05 EX-06 EX-07 EX-09 EX-10 EX-11
KWQ,7,EX-01 EX-02 EX-05 EX-07 EX-09 EX-10 EX-11
KWS,8,EX-01 EX-02 EX-05 EX-06 EX-07 EX-08 EX-09 EX-11
KWT,4,EX-02 EX-07 EX-08 EX-09
KWY,7,EX-02 EX-05 EX-06 EX-07 EX-08 EX-09 EX-11
KWZ,7,EX-02 EX-04 EX-06 EX-07 EX-08 EX-09 EX-11
KXE,5,EX-02 EX-05 EX-06 EX-07 EX-08
KXF,2,EX-09 EX-10
KYF,1,EX-02
KYI,4,EX-06 EX-07 EX-08 EX-09
KYJ,1,EX-06
KYZ,3,EX-01 EX-07 EX-08
KZD,2,EX-07 EX-08
KZE,1,EX-02
KZF,5,EX-02 EX-05 EX-07 EX-08 EX-09
LDD,4,EX-02 EX-06 EX-08 EX-09
LFL,7,EX-01 EX-02 EX-05 EX-07 EX-08 EX-09 EX-11
LGE,4,EX-02 EX-06 EX-08 EX-09
LGG,2,EX-07 EX-08
LGH,2,EX-07 EX-08
LGZ,3,EX-07 EX-08 EX-09
LHX,1,EX-05
LIO,1,EX-02
LIT,1,EX-02
LIX,1,EX-02
LJH,3,EX-05 EX-07 EX-08
LKS,1,EX-02
LLZ,5,EX-01 EX-02 EX-07 EX-08 EX-09
LMB,3,EX-05 EX-07 EX-08
LMD,3,EX-05 EX-07 EX-08
LMF,2,EX-03 EX-05
LMH,2,EX-05 EX-06
LOD,9,EX-01 EX-02 EX-04 EX-05 EX-06 EX-07 EX-08 EX-09 EX-11
LOS,1,EX-02
LPH,8,EX-01 EX-02 EX-05 EX-06 EX-07 EX-08 EX-09 EX-11
LPJ,1,EX-06
LRC,5,EX-01 EX-02 EX-07 EX-08 EX-09
LRN,4,EX-02 EX-07 EX-08 EX-09
LRO,4,EX-05 EX-06 EX-07 EX-08
LRP,3,EX-07 EX-08 EX-09
LRW,4,EX-07 EX-08 EX-09 EX-10
LRY,2,EX-08 EX-09
LTF,1,EX-06
LWG,4,EX-06 EX-07 EX-08 EX-09
LWH,5,EX-02 EX-05 EX-07 EX-08 EX-09
LWJ,7,EX-02 EX-05 EX-06 EX-07 EX-08 EX-09 EX-11
LXC,2,EX-01 EX-05
LXG,2,EX-07 EX-08
LXH,9,EX-01 EX-02 EX-05 EX-06 EX-07 EX-08 EX-09 EX-10 EX-11
LXT,4,EX-02 EX-07 EX-08 EX-09
LYA,5,EX-02 EX-06 EX-07 EX-08 EX-09
LYC,3,EX-02 EX-07 EX-10
LYS,4,EX-07 EX-08 EX-09 EX-10
LYT,4,EX-02 EX-07 EX-08 EX-09
LYU,4,EX-01 EX-02 EX-07 EX-08
LZC,1,EX-02
LZD,7,EX-03 EX-04 EX-05 EX-06 EX-07 EX-08 EX-09
LZN,6,EX-01 EX-02 EX-05 EX-07 EX-08 EX-09
LZO,8,EX-01 EX-02 EX-05 EX-06 EX-07 EX-08 EX-09 EX-11
LZV,1,EX-01
MAC,2,EX-09 EX-10
MAI,5,EX-01 EX-02 EX-07 EX-08 EX-09
MAX,10,EX-01 EX-02 EX-03 EX-05 EX-06 EX-07 EX-08 EX-09 EX-10 EX-11
MAY,7,EX-01 EX-02 EX-05 EX-06 EX-07 EX-08 EX-09
MBB,5,EX-02 EX-05 EX-06 EX-08 EX-09
MBH,8,EX-01 EX-02 EX-05 EX-06 EX-07 EX-08 EX-09 EX-11
MBI,8,EX-01 EX-02 EX-05 EX-06 EX-07 EX-08 EX-09 EX-11
MBL,3,EX-07 EX-08 EX-09
MBP,3,EX-06 EX-08 EX-09
MCY,2,EX-07 EX-08
MCZ,1,EX-06
MDM,5,EX-05 EX-07 EX-08 EX-09 EX-10
MEA,2,EX-01 EX-05
MEB,2,EX-05 EX-11
MEH,8,EX-01 EX-02 EX-05 EX-06 EX-07 EX-08 EX-09 EX-11
MGZ,4,EX-02 EX-06 EX-08 EX-09
MJK,1,EX-06
MJN,5,EX-01 EX-05 EX-07 EX-08 EX-11
MJO,2,EX-09 EX-10
MJT,3,EX-02 EX-08 EX-09
MKI,1,EX-06
MKJ,6,EX-02 EX-04 EX-06 EX-08 EX-09 EX-10
MKY,2,EX-07 EX-08
MMK,1,EX-02
MMO,2,EX-07 EX-08
MMP,4,EX-05 EX-06 EX-07 EX-08
MMX,3,EX-02 EX-08 EX-09
MNF,4,EX-02 EX-07 EX-08 EX-09
MNH,8,EX-01 EX-02 EX-05 EX-06 EX-07 EX-09 EX-10 EX-11
MNI,8,EX-01 EX-02 EX-05 EX-07 EX-08 EX-09 EX-10 EX-11
MOF,5,EX-01 EX-05 EX-07 EX-08 EX-11
MOQ,2,EX-07 EX-08
MPA,3,EX-02 EX-09 EX-10
MPD,4,EX-01 EX-02 EX-08 EX-09
MPE,1,EX-02
MPK,1,EX-06
MPW,1,EX-05
MPY,1,EX-11
MQN,5,EX-01 EX-02 EX-07 EX-08 EX-09
MQP,5,EX-01 EX-02 EX-07 EX-09 EX-10
MQU,3,EX-07 EX-08 EX-09
MQV,8,EX-01 EX-02 EX-05 EX-06 EX-07 EX-08 EX-09 EX-10
MRA,7,EX-04 EX-05 EX-06 EX-07 EX-08 EX-09 EX-11
MRH,2,EX-09 EX-10
MRK,1,EX-04
MRL,2,EX-07 EX-08
MRW,3,EX-02 EX-07 EX-10
MSX,3,EX-02 EX-07 EX-08
MZQ,1,EX-02
N/A,1,EX-06
NAB,1,EX-02
NAY,2,EX-07 EX-08
NBH,6,EX-05 EX-06 EX-07 EX-08 EX-09 EX-11
NDE,2,EX-05 EX-06
NDH,2,EX-05 EX-06
NDN,7,EX-01 EX-02 EX-05 EX-06 EX-07 EX-08 EX-09
NDP,3,EX-07 EX-08 EX-09
NEA,1,EX-01
NEI,4,EX-01 EX-07 EX-08 EX-09
NEU,6,EX-01 EX-02 EX-05 EX-07 EX-08 EX-09
NGY,2,EX-09 EX-10
NHB,5,EX-01 EX-02 EX-05 EX-07 EX-08
NJD,3,EX-02 EX-08 EX-09
NJE,4,EX-05 EX-07 EX-08 EX-11
NKB,9,EX-01 EX-02 EX-05 EX-06 EX-07 EX-08 EX-09 EX-10 EX-11
NKC,3,EX-07 EX-08 EX-09
NKG,6,EX-01 EX-02 EX-06 EX-07 EX-09 EX-10
NLF,5,EX-01 EX-02 EX-06 EX-07 EX-08
NLH,6,EX-01 EX-02 EX-05 EX-07 EX-08 EX-11
NLM,6,EX-01 EX-02 EX-05 EX-06 EX-07 EX-08
NLQ,6,EX-01 EX-02 EX-05 EX-07 EX-08 EX-11
NMD,1,EX-02
NMF,1,EX-06
NOX,4,EX-04 EX-06 EX-08 EX-09
NPJ,6,EX-02 EX-05 EX-06 EX-07 EX-08 EX-09
NPK,4,EX-02 EX-07 EX-08 EX-09
NPP,1,EX-02
NQG,1,EX-02
NQR,5,EX-03 EX-04 EX-07 EX-08 EX-09
NQW,3,EX-01 EX-07 EX-10
NRY,7,EX-01 EX-02 EX-05 EX-06 EX-07 EX-08 EX-11
NSA,3,EX-04 EX-08 EX-09
NSB,3,EX-06 EX-09 EX-10
NTG,3,EX-07 EX-08 EX-11
NUJ,5,EX-01 EX-02 EX-07 EX-08 EX-11
NVT,3,EX-07 EX-08 EX-09
NWB,2,EX-07 EX-08
NWJ,4,EX-02 EX-06 EX-08 EX-09
NWV,2,EX-07 EX-08
NZG,3,EX-05 EX-07 EX-08
NZU,3,EX-06 EX-09 EX-10
OAR,6,EX-05 EX-06 EX-07 EX-08 EX-09 EX-10
OBJ,2,EX-07 EX-08
OCJ,2,EX-07 EX-08
OCS,1,EX-01
OCW,2,EX-07 EX-08
OCZ,3,EX-07 EX-08 EX-11
ODP,6,EX-01 EX-02 EX-07 EX-08 EX-09 EX-10
OEA,3,EX-05 EX-07 EX-08
OIY,2,EX-08 EX-09
OJG,1,EX-08
OJH,3,EX-07 EX-08 EX-09
OJR,1,EX-06
OJZ,1,EX-05
OKO,3,EX-02 EX-07 EX-08
OKS,1,EX-02
OLC,4,EX-02 EX-05 EX-07 EX-08
OLO,9,EX-01 EX-02 EX-05 EX-06 EX-07 EX-08 EX-09 EX-10 EX-11
ONN,2,EX-02 EX-06
OPR,2,EX-09 EX-10
OSH,4,EX-02 EX-07 EX-09 EX-10
OSI,3,EX-05 EX-07 EX-08
OSV,2,EX-07 EX-08
OUG,3,EX-07 EX-08 EX-09
OUR,3,EX-07 EX-08 EX-09
OUT,4,EX-03 EX-07 EX-08 EX-11
OVD,7,EX-01 EX-02 EX-05 EX-07 EX-08 EX-09 EX-10
OVE,7,EX-01 EX-02 EX-05 EX-06 EX-07 EX-09 EX-10
OWI,4,EX-02 EX-07 EX-09 EX-10
OWN,6,EX-01 EX-02 EX-07 EX-08 EX-09 EX-11
OWQ,5,EX-01 EX-02 EX-05 EX-07 EX-08
OWW,4,EX-02 EX-06 EX-08 EX-09
OWX,3,EX-02 EX-09 EX-10
OYK,2,EX-08 EX-09
PAO,5,EX-02 EX-06 EX-07 EX-08 EX-09
PBF,2,EX-08 EX-09
PBZ,6,EX-01 EX-02 EX-05 EX-07 EX-08 EX-11
PDQ,3,EX-01 EX-07 EX-10
PDU,3,EX-02 EX-08 EX-09
PEK,3,EX-01 EX-07 EX-10
PGM,5,EX-01 EX-02 EX-07 EX-09 EX-10
PGW,7,EX-01 EX-02 EX-05 EX-06 EX-07 EX-08 EX-09
PHX,6,EX-01 EX-02 EX-06 EX-07 EX-08 EX-09
PJJ,1,EX-02
PKC,4,EX-02 EX-06 EX-08 EX-09
PLR,5,EX-01 EX-02 EX-07 EX-09 EX-10
PML,4,EX-01 EX-07 EX-08 EX-09
PMX,1,EX-03
PNZ,3,EX-02 EX-07 EX-08
POL,5,EX-01 EX-02 EX-05 EX-07 EX-08
PPR,1,EX-05
PTQ,2,EX-07 EX-08
PUI,3,EX-07 EX-08 EX-09
PUR,1,EX-02
PVZ,1,EX-05
PWG,2,EX-09 EX-10
PXD,2,EX-08 EX-09
PXN,2,EX-07 EX-08
QCA,4,EX-03 EX-07 EX-08 EX-11
QEW,4,EX-02 EX-06 EX-08 EX-09
QEZ,1,EX-02
QFX,2,EX-07 EX-08
QGI,2,EX-07 EX-08
QHE,3,EX-06 EX-08 EX-09
QIH,3,EX-01 EX-07 EX-08
QJP,5,EX-01 EX-02 EX-05 EX-07 EX-08
QKW,3,EX-02 EX-08 EX-09
QLR,1,EX-06
QLV,3,EX-07 EX-08 EX-09
QPB,2,EX-07 EX-08
QPQ,4,EX-02 EX-07 EX-08 EX-09
QWJ,3,EX-02 EX-08 EX-09
QWN,3,EX-04 EX-08 EX-09
SFQ,2,EX-07 EX-08
SIT,3,EX-01 EX-07 EX-08
